,E_capacity,E_availability_day,E_availability_evening,E_reliability,E_quality,E_legality,E_health
0,0,0,0,0,0,5,0
1,0,0,0,0,0,0,0
2,0,0,0,0,0,0,0
3,0,0,0,0,0,0,0
4,0,0,0,0,0,0,0
5,0,0,0,0,0,0,0
6,3,1,4,0,0,5,5
7,0,0,0,0,0,0,0
8,4,5,4,0,0,5,5
9,0,0,0,0,0,0,0
10,0,0,0,0,0,0,0
11,0,0,0,0,0,0,0
12,3,4,4,5,0,5,5
13,2,4,4,0,5,5,5
14,0,0,0,0,0,0,0
15,0,0,0,0,0,0,0
16,0,0,0,0,0,0,0
17,3,4,4,0,0,5,5
18,0,0,0,0,0,0,0
19,4,3,4,5,0,5,5
20,4,4,4,0,0,5,5
21,4,4,1,0,5,5,5
22,2,4,4,0,0,5,5
23,0,0,0,0,0,0,0
24,3,5,4,0,0,5,5
25,0,0,0,0,0,0,0
26,0,0,0,0,0,5,0
27,4,4,1,5,0,5,5
28,4,4,2,5,0,5,5
29,4,1,3,5,0,5,5
30,3,5,4,0,0,5,5
31,3,4,3,5,0,5,5
32,0,5,4,0,0,5,5
33,3,4,3,5,0,5,5
34,3,4,1,5,0,5,5
35,3,5,4,0,0,5,5
36,0,5,4,0,0,5,5
37,4,5,4,0,0,5,5
38,5,4,3,5,5,5,5
39,3,4,4,0,0,5,5
40,0,0,0,0,0,0,0
41,3,5,4,0,0,5,5
42,3,5,4,0,0,5,5
43,3,3,4,0,5,5,5
44,0,0,0,0,0,5,0
45,4,5,4,0,0,5,5
46,0,0,0,0,0,5,0
47,4,3,3,0,0,5,5
48,0,0,0,0,0,0,0
49,2,3,3,5,0,5,5
50,0,0,0,0,0,0,0
51,0,0,0,0,0,0,0
52,0,0,0,0,0,0,0
53,0,0,0,0,0,0,0
54,0,0,0,0,0,0,0
55,3,5,4,0,0,5,5
56,3,0,1,5,5,5,5
57,2,4,4,5,0,5,5
58,2,5,4,0,0,5,5
59,0,0,0,0,0,0,0
60,4,5,4,0,0,5,5
61,5,3,4,0,0,5,5
62,3,5,4,0,0,5,5
63,0,0,0,0,0,0,0
64,0,0,0,0,0,0,0
65,3,4,4,0,0,5,5
66,4,4,4,0,0,5,5
67,2,3,4,0,0,5,5
68,3,0,0,0,0,5,5
69,0,0,0,0,0,5,0
70,0,0,0,0,0,5,0
71,4,0,2,5,0,5,5
72,4,4,4,0,0,5,5
73,0,0,0,0,0,0,0
74,5,3,1,5,0,5,5
75,0,0,0,0,0,5,5
76,0,0,0,0,0,0,0
77,5,4,4,0,5,5,5
78,3,0,1,0,0,5,5
79,4,4,3,0,5,5,5
80,3,5,4,0,0,5,5
81,4,5,4,0,0,5,5
82,0,0,0,0,0,0,0
83,3,4,3,5,0,5,5
84,2,4,4,5,0,5,5
85,4,5,4,0,0,5,5
86,3,4,4,0,0,5,5
87,3,5,4,0,0,5,5
88,3,5,4,0,0,5,5
89,0,0,0,0,0,5,0
90,3,4,3,0,0,5,5
91,0,0,0,0,0,5,0
92,3,4,4,5,0,5,5
93,5,5,4,0,0,5,5
94,3,4,4,0,0,5,5
95,2,5,4,0,0,5,5
96,3,3,2,5,0,5,5
97,3,5,4,0,0,5,5
98,0,0,0,0,0,5,0
99,0,5,3,0,0,5,5
100,3,5,4,0,0,5,5
101,3,3,4,0,0,5,5
102,4,5,4,0,0,5,5
103,4,4,3,0,5,5,5
104,4,5,4,0,0,5,5
105,3,5,4,0,0,5,5
106,3,4,3,0,0,5,5
107,4,4,4,5,0,5,5
108,4,3,3,5,5,5,5
109,3,5,4,0,0,5,5
110,0,0,0,0,0,0,0
111,3,5,4,0,0,5,5
112,3,3,3,5,0,5,5
113,0,0,0,0,0,0,0
114,0,0,0,0,0,0,0
115,2,5,4,0,0,5,5
116,3,5,4,0,0,5,5
117,3,5,4,0,0,5,5
118,3,4,3,0,0,5,5
119,3,5,4,0,0,5,5
120,5,0,4,0,0,5,5
121,3,1,3,0,0,5,5
122,0,0,0,0,0,0,0
123,0,5,3,0,0,5,5
124,0,0,0,0,0,0,0
125,3,3,4,5,5,5,5
126,2,0,2,0,0,5,5
127,3,0,0,0,0,5,5
128,3,4,4,0,0,5,5
129,3,3,4,0,0,5,5
130,3,5,4,0,5,5,5
131,4,5,4,0,0,5,5
132,0,0,0,0,0,0,0
133,3,3,4,5,0,5,5
134,0,0,0,0,0,0,0
135,3,4,4,0,0,5,5
136,2,5,4,0,0,5,5
137,2,5,4,0,0,5,5
138,3,5,4,0,0,5,5
139,3,5,4,0,0,5,5
140,3,3,1,5,0,5,5
141,0,0,0,0,0,0,0
142,2,3,4,0,0,5,5
143,0,0,0,0,0,0,0
144,3,5,3,5,0,5,5
145,3,3,3,0,0,5,5
146,4,5,4,0,0,5,5
147,3,4,4,0,0,5,5
148,3,5,4,0,0,5,5
149,5,5,4,0,0,5,5
150,4,5,4,0,5,5,5
151,0,4,4,0,0,5,5
152,4,4,4,3,0,5,5
153,4,0,0,0,0,5,5
154,4,4,4,0,0,5,5
155,4,3,3,0,0,5,5
156,2,5,4,0,0,5,5
157,5,5,4,0,5,5,5
158,0,0,0,0,0,0,0
159,0,0,0,0,0,0,0
160,2,3,4,0,0,5,5
161,3,5,3,0,0,5,5
162,3,0,0,0,0,5,5
163,3,0,0,0,0,5,5
164,0,0,0,0,0,5,0
165,3,1,3,5,0,5,5
166,2,3,4,5,0,5,5
167,0,0,0,0,0,5,0
168,0,0,0,0,0,5,0
169,0,0,4,0,0,5,5
170,3,5,4,0,0,5,5
171,0,0,0,0,0,0,0
172,3,4,4,5,0,5,5
173,3,4,4,5,0,5,5
174,2,5,4,0,0,5,5
175,5,5,4,0,5,5,5
176,4,5,4,0,0,5,5
177,3,4,4,0,0,5,5
178,3,0,1,5,0,5,5
179,4,5,4,0,0,5,5
180,2,1,1,5,5,5,5
181,3,0,2,5,5,5,5
182,0,0,0,0,0,0,0
183,2,4,1,3,0,5,5
184,3,1,3,5,5,5,5
185,0,0,0,0,0,0,0
186,0,0,0,0,0,5,0
187,0,0,0,0,0,0,0
188,2,3,1,0,0,5,5
189,0,0,0,0,0,0,0
190,3,0,1,5,5,5,5
191,3,5,4,0,0,5,5
192,0,0,2,5,0,5,5
193,2,4,3,0,0,5,5
194,0,0,0,0,0,0,0
195,0,0,0,0,0,0,0
196,3,4,4,0,0,5,5
197,3,3,3,5,0,5,5
198,2,5,4,0,0,5,5
199,3,4,1,5,0,5,5
200,0,0,0,0,0,0,0
201,3,4,3,0,0,5,5
202,3,4,1,5,0,5,5
203,4,3,2,5,0,5,5
204,0,0,0,0,0,0,0
205,0,0,0,0,0,0,0
206,0,0,0,0,0,0,0
207,0,0,0,0,0,0,0
208,0,0,0,0,0,0,0
209,0,0,0,0,0,0,0
210,0,0,0,0,0,0,0
211,0,0,0,0,0,0,0
212,0,0,0,0,0,0,0
213,0,0,0,0,0,0,0
214,0,0,0,0,0,0,0
215,0,0,0,0,0,0,0
216,3,3,3,5,0,5,5
217,3,5,4,5,0,5,5
218,0,4,4,0,0,5,5
219,3,0,3,0,0,5,5
220,4,0,4,0,0,5,5
221,3,1,3,0,0,5,5
222,3,4,2,0,0,5,5
223,2,4,4,0,5,5,5
224,3,5,3,0,0,5,5
225,3,4,3,5,0,5,5
226,2,1,3,0,0,5,5
227,3,3,2,5,0,5,5
228,2,5,4,0,0,5,5
229,4,5,4,0,5,5,5
230,0,5,4,5,0,5,5
231,3,4,3,0,0,5,5
232,3,3,4,0,0,5,5
233,3,4,4,0,0,5,5
234,3,1,2,0,0,5,5
235,3,5,4,0,0,5,5
236,0,4,3,0,0,5,5
237,4,4,3,5,0,5,5
238,0,5,4,0,0,5,5
239,0,4,4,0,0,5,5
240,0,0,0,0,0,0,0
241,0,0,0,0,0,0,0
242,3,3,3,5,0,5,5
243,3,4,3,5,0,5,5
244,0,0,0,0,0,0,0
245,4,4,3,5,0,5,0
246,3,4,4,0,5,5,5
247,3,4,3,5,0,5,5
248,4,3,3,5,5,5,5
249,3,4,4,5,5,5,5
250,0,0,0,0,0,0,0
251,3,1,2,5,0,5,5
252,3,4,1,0,0,5,5
253,3,3,4,0,0,5,5
254,3,4,3,0,0,5,5
255,5,5,4,0,5,5,5
256,4,4,3,5,0,5,5
257,3,1,3,5,0,5,5
258,3,0,0,0,5,5,5
259,3,4,3,0,0,5,5
260,4,5,4,5,0,5,5
261,3,5,4,0,5,5,5
262,3,5,4,0,0,5,5
263,4,4,4,0,0,5,5
264,2,5,4,0,0,5,5
265,4,5,4,0,0,5,5
266,3,5,4,0,0,5,5
267,0,0,0,0,0,5,0
268,2,3,4,0,0,5,5
269,3,5,1,0,0,5,5
270,2,5,4,0,0,5,5
271,5,5,4,0,0,5,5
272,3,5,4,0,0,5,5
273,3,5,4,0,0,5,5
274,3,5,4,0,0,5,5
275,2,5,4,0,0,5,5
276,4,5,4,0,0,5,5
277,3,3,4,0,0,5,5
278,0,0,0,0,0,5,0
279,4,5,3,0,0,5,5
280,5,5,4,0,0,5,5
281,0,4,2,5,0,5,5
282,3,0,4,5,0,5,5
283,0,4,4,0,5,5,5
284,4,5,4,0,0,5,5
285,5,0,0,0,5,5,5
286,5,4,3,0,5,5,5
287,2,1,3,0,0,5,5
288,0,0,0,0,0,0,0
289,0,0,0,0,0,0,0
290,0,0,0,0,0,0,0
291,0,0,0,0,0,0,0
292,0,0,0,0,0,0,0
293,3,5,3,0,0,5,5
294,5,5,3,0,5,5,5
295,3,1,4,0,0,5,5
296,3,5,4,0,0,5,5
297,4,4,3,0,0,5,5
298,3,5,4,0,0,5,5
299,5,4,3,5,5,5,5
300,0,0,0,0,0,0,0
301,0,0,0,0,0,0,0
302,0,0,0,0,0,0,0
303,0,0,0,0,0,0,0
304,0,0,0,0,0,0,0
305,3,3,2,0,5,5,5
306,0,0,0,0,0,0,0
307,0,0,0,0,0,5,0
308,3,4,4,0,5,5,5
309,0,0,0,0,0,0,0
310,0,0,0,0,0,5,0
311,3,4,2,5,5,5,5
312,0,0,0,0,0,0,0
313,0,0,0,0,0,0,0
314,0,0,0,0,0,0,0
315,0,0,0,0,0,0,0
316,0,0,0,0,0,0,0
317,0,0,0,0,0,0,0
318,3,4,3,0,5,5,5
319,3,4,3,0,5,5,5
320,3,4,3,0,5,5,5
321,3,5,3,0,5,5,5
322,3,4,3,0,0,5,5
323,0,0,0,0,0,0,0
324,5,5,4,0,0,5,5
325,3,5,4,0,0,5,5
326,5,0,0,0,5,5,5
327,3,4,4,5,0,5,5
328,4,4,3,0,0,5,5
329,4,0,0,0,0,5,5
330,0,3,1,5,0,5,5
331,3,1,3,0,0,5,5
332,5,4,3,5,0,5,5
333,0,4,3,0,0,5,5
334,3,4,3,5,0,5,5
335,3,4,3,0,0,5,5
336,3,4,3,5,0,5,5
337,4,4,3,0,0,5,5
338,4,5,4,0,0,5,5
339,3,5,4,0,0,5,5
340,5,5,4,5,0,5,5
341,3,4,4,0,0,5,5
342,3,5,4,0,0,5,5
343,3,5,4,0,0,5,5
344,5,4,3,0,0,5,5
345,4,0,1,0,5,5,5
346,5,5,4,0,0,5,5
347,4,0,4,0,0,5,5
348,3,5,4,0,0,5,5
349,0,4,3,0,0,5,5
350,3,4,4,0,0,5,5
351,3,4,3,0,0,5,5
352,3,5,4,0,0,5,5
353,3,5,3,0,0,5,5
354,4,5,3,0,0,5,5
355,3,4,4,0,0,5,5
356,4,5,4,0,0,5,5
357,5,4,3,0,0,5,5
358,3,4,3,0,0,5,5
359,5,4,4,0,0,5,5
360,0,0,0,0,0,0,0
361,3,4,2,5,0,5,5
362,0,0,0,0,0,0,0
363,0,0,0,0,0,0,0
364,0,0,0,0,0,0,0
365,3,5,4,0,0,5,5
366,3,5,4,0,0,5,5
367,3,5,4,0,0,5,5
368,3,5,4,0,0,5,5
369,3,5,4,0,0,5,5
370,0,0,0,0,0,0,0
371,5,3,2,5,5,5,5
372,3,5,4,0,0,5,5
373,5,5,4,0,0,5,5
374,5,4,4,0,0,5,5
375,4,5,4,0,5,5,5
376,5,5,4,0,0,5,5
377,4,4,2,3,0,5,5
378,5,0,4,0,0,5,5
379,0,0,4,0,0,5,5
380,3,5,3,0,0,5,5
381,5,4,3,0,0,5,5
382,3,4,4,0,0,5,5
383,0,4,3,0,0,5,5
384,5,5,4,0,0,5,5
385,4,5,4,0,0,5,5
386,5,5,4,0,0,5,5
387,4,5,4,0,0,5,5
388,4,5,4,0,5,5,5
389,0,4,2,5,0,5,5
390,3,5,4,0,0,5,5
391,3,1,4,0,0,5,5
392,4,4,4,0,0,5,5
393,4,5,4,5,0,5,5
394,4,5,4,0,5,5,5
395,0,5,4,0,0,5,5
396,5,5,3,0,0,5,5
397,5,5,4,0,0,5,5
398,5,4,4,0,0,5,5
399,5,5,4,0,0,5,5
400,5,4,3,0,0,5,5
401,4,4,3,0,0,5,5
402,0,5,4,0,0,5,5
403,3,4,3,0,0,5,5
404,4,0,2,5,0,5,5
405,5,0,0,0,0,5,5
406,4,4,3,0,0,5,5
407,4,4,3,0,0,5,5
408,4,4,4,0,5,5,5
409,3,4,2,5,0,5,5
410,3,5,4,0,0,5,5
411,2,3,2,5,0,5,5
412,2,5,4,0,0,5,5
413,4,3,1,5,5,5,5
414,5,4,3,0,0,5,5
415,2,5,4,0,0,5,5
416,5,4,3,5,0,5,5
417,5,4,4,0,0,5,5
418,5,5,4,0,0,5,5
419,3,5,4,0,0,5,5
420,0,0,0,0,0,0,0
421,3,5,4,0,0,5,5
422,3,5,1,0,0,5,5
423,3,5,4,0,0,5,5
424,3,5,4,0,0,5,5
425,3,0,2,5,0,5,5
426,3,5,4,0,0,5,5
427,3,5,4,0,0,5,5
428,3,0,2,5,0,5,5
429,4,3,4,5,5,5,5
430,2,5,4,0,0,5,5
431,3,5,4,0,0,5,5
432,0,0,0,0,0,0,0
433,2,5,4,0,0,5,5
434,2,4,3,0,0,5,5
435,0,0,0,0,0,0,0
436,0,0,0,0,0,0,0
437,3,4,3,5,0,5,5
438,0,0,0,0,0,0,0
439,0,0,0,0,0,0,0
440,3,0,2,5,0,5,5
441,3,5,4,0,0,5,5
442,3,3,1,0,0,5,5
443,4,4,3,5,0,5,5
444,0,0,0,0,0,0,0
445,0,0,0,0,0,0,0
446,0,0,0,0,0,0,0
447,0,0,0,0,0,0,0
448,0,0,0,0,0,0,0
449,3,4,4,0,0,5,5
450,0,0,0,0,0,0,0
451,0,0,0,0,0,0,0
452,3,5,3,0,0,5,5
453,2,5,4,0,0,5,5
454,3,4,2,5,0,5,5
455,3,1,3,5,0,5,5
456,0,0,0,0,0,0,0
457,0,0,0,0,0,0,0
458,3,0,1,0,5,5,5
459,0,0,0,0,0,0,0
460,0,0,0,0,0,0,0
461,0,0,0,0,0,0,0
462,3,4,3,0,0,5,5
463,2,4,4,0,0,5,5
464,4,3,4,0,0,5,5
465,4,4,4,0,0,5,5
466,0,0,1,5,5,0,5
467,3,4,3,0,5,5,5
468,0,0,0,0,0,0,0
469,0,0,0,0,0,0,0
470,0,0,0,0,0,0,0
471,0,0,0,0,0,0,0
472,0,0,0,0,0,0,0
473,2,0,3,0,0,5,5
474,0,3,2,0,0,5,5
475,0,0,0,0,0,0,0
476,2,0,3,5,0,5,5
477,5,0,3,0,0,5,5
478,4,4,3,5,0,5,5
479,3,3,1,5,0,5,5
480,0,0,0,0,0,0,0
481,0,0,0,0,0,0,0
482,0,0,0,0,0,0,0
483,0,0,0,0,0,0,0
484,0,0,0,0,0,0,0
485,4,4,3,5,0,5,5
486,0,0,0,0,0,0,0
487,2,5,4,0,0,5,5
488,0,4,4,0,5,5,5
489,3,4,4,5,0,5,5
490,4,4,3,5,0,5,5
491,4,0,2,5,0,5,5
492,3,5,4,0,0,5,5
493,0,0,0,0,0,0,0
494,0,0,0,0,0,0,0
495,3,0,2,3,0,5,5
496,0,0,0,0,0,0,0
497,3,5,4,0,0,5,5
498,3,4,3,5,0,5,5
499,3,4,2,5,5,5,5
500,0,0,0,0,0,5,0
501,0,4,3,0,5,5,5
502,0,0,0,0,0,0,0
503,3,5,4,0,0,5,5
504,0,0,0,0,0,0,0
505,3,0,2,5,0,5,5
506,4,4,1,5,0,5,5
507,3,4,4,0,5,5,5
508,2,5,4,0,0,5,5
509,2,5,4,0,0,5,5
510,0,0,0,0,0,5,0
511,4,0,0,0,5,5,5
512,0,0,0,0,0,5,0
513,3,3,4,0,0,5,5
514,3,4,3,5,0,5,5
515,0,0,0,0,0,0,0
516,0,0,0,0,0,0,0
517,2,0,1,5,0,5,5
518,0,0,0,0,0,0,0
519,0,0,0,0,0,0,0
520,0,0,0,0,0,0,0
521,0,0,0,0,0,5,0
522,2,3,3,5,0,5,5
523,0,1,3,3,0,5,5
524,2,5,4,0,0,5,5
525,3,3,4,0,0,5,5
526,0,0,0,0,0,5,0
527,2,4,3,0,0,5,5
528,0,0,0,0,0,0,0
529,0,0,0,0,0,0,0
530,0,0,0,0,0,0,0
531,3,0,1,5,5,5,5
532,0,0,0,0,0,0,0
533,3,4,3,0,0,5,5
534,2,4,4,0,0,5,5
535,2,4,4,0,0,5,0
536,3,4,4,0,0,5,5
537,2,3,3,5,0,5,5
538,3,1,2,0,0,5,5
539,2,0,3,0,0,5,5
540,0,0,0,0,0,0,0
541,0,0,0,0,0,0,0
542,0,0,0,0,0,0,0
543,0,0,0,0,0,0,0
544,0,0,0,0,0,0,0
545,3,0,0,0,0,5,5
546,0,0,0,0,0,0,0
547,4,5,4,0,5,5,5
548,3,5,4,0,5,5,5
549,3,5,4,0,0,5,5
550,2,5,4,0,0,5,5
551,0,0,0,0,0,0,0
552,0,0,0,0,0,0,0
553,0,0,0,0,0,0,0
554,0,0,0,0,0,0,0
555,0,0,0,0,0,0,0
556,0,0,0,0,0,0,0
557,3,0,2,0,5,5,5
558,3,3,1,0,0,5,5
559,3,5,4,0,0,5,5
560,3,5,4,0,5,5,5
561,0,4,4,0,0,5,5
562,5,4,3,0,0,5,5
563,4,3,3,0,0,5,5
564,0,0,0,0,0,0,0
565,0,0,0,0,0,0,0
566,0,0,0,0,0,0,0
567,0,0,0,0,0,0,0
568,3,4,3,5,0,5,5
569,4,5,4,0,0,5,5
570,3,4,3,5,0,5,5
571,3,5,3,5,0,5,5
572,4,5,4,0,0,5,5
573,4,4,2,0,5,5,5
574,3,4,3,5,0,5,5
575,3,5,4,0,0,5,5
576,3,5,4,0,0,5,5
577,0,0,0,0,0,5,0
578,3,3,3,0,0,5,5
579,3,3,4,0,0,5,5
580,3,0,0,0,0,5,5
581,3,5,3,5,0,5,5
582,0,0,0,0,0,0,0
583,3,5,4,0,5,5,5
584,0,0,0,0,0,5,5
585,5,0,4,0,0,5,5
586,4,0,1,5,5,5,5
587,0,0,0,0,0,5,0
588,3,5,4,0,5,5,5
589,3,5,4,0,0,5,5
590,0,0,0,0,0,5,0
591,0,0,0,0,0,5,0
592,5,0,2,0,5,5,5
593,0,5,4,0,0,5,5
594,4,5,4,0,0,5,5
595,4,4,3,5,0,5,5
596,4,3,4,5,0,5,5
597,4,4,3,0,5,5,0
598,5,4,3,5,0,5,5
599,5,0,0,0,0,5,5
600,4,4,4,0,0,5,5
601,0,0,0,0,0,0,0
602,2,5,4,0,0,5,5
603,3,5,4,0,0,5,5
604,0,0,0,0,0,0,0
605,0,0,0,0,0,5,0
606,3,0,0,0,0,5,5
607,3,4,3,0,0,5,5
608,3,4,4,0,0,5,5
609,2,3,4,0,0,5,5
610,4,5,4,0,0,5,5
611,3,5,4,0,0,5,5
612,0,0,0,0,0,0,0
613,0,0,0,0,0,0,0
614,0,0,0,0,0,0,0
615,4,5,4,0,0,5,5
616,4,5,4,0,0,5,5
617,0,0,0,0,5,5,5
618,3,5,4,0,5,5,5
619,3,5,4,0,0,5,5
620,3,4,4,0,0,5,5
621,0,0,3,5,0,5,5
622,3,4,3,0,0,5,5
623,4,4,4,0,5,5,5
624,0,0,0,0,0,0,0
625,0,0,0,0,0,0,0
626,0,0,0,0,0,0,0
627,0,0,0,0,0,0,0
628,0,0,0,0,0,0,0
629,3,4,3,5,0,5,5
630,4,3,3,0,0,5,5
631,4,5,4,0,0,5,5
632,0,0,0,0,0,0,0
633,3,4,4,0,0,5,5
634,0,5,4,0,0,5,5
635,3,1,3,0,0,5,5
636,0,0,0,0,0,0,0
637,0,0,0,0,0,5,0
638,0,0,0,0,0,5,0
639,0,0,0,0,0,0,0
640,0,0,0,0,0,0,0
641,0,0,0,0,0,5,0
642,2,0,1,5,5,5,5
643,0,0,0,0,0,0,0
644,0,0,0,0,0,0,0
645,3,1,2,5,0,5,5
646,0,0,0,0,0,0,0
647,0,0,0,0,0,0,0
648,0,0,0,0,0,0,0
649,0,0,0,0,0,0,0
650,0,0,0,0,0,0,0
651,0,0,0,0,0,0,0
652,0,0,0,0,0,0,0
653,3,4,2,0,0,5,5
654,3,0,0,5,0,5,5
655,3,0,0,0,0,5,5
656,3,5,4,0,0,5,5
657,3,4,4,0,0,5,5
658,2,5,4,0,0,5,5
659,0,3,3,0,0,5,5
660,0,0,0,0,0,0,0
661,0,0,0,0,0,0,0
662,0,0,0,0,0,0,0
663,3,1,3,3,0,5,5
664,0,0,0,0,0,0,0
665,3,5,4,0,0,5,5
666,4,3,1,5,0,5,5
667,0,0,0,0,0,0,0
668,4,3,2,3,0,5,5
669,3,1,3,5,0,5,5
670,5,1,4,5,0,5,5
671,0,0,0,0,0,0,0
672,0,0,0,0,0,0,0
673,0,0,0,0,0,0,0
674,0,0,0,0,0,0,0
675,0,0,0,0,0,0,0
676,0,0,0,0,0,0,0
677,3,5,4,0,5,5,5
678,0,0,0,0,0,5,0
679,0,0,0,0,0,5,0
680,3,4,4,0,0,5,5
681,4,4,4,0,0,5,5
682,3,4,4,0,0,5,5
683,2,4,4,0,0,5,5
684,0,0,0,0,0,0,0
685,0,0,0,0,0,0,0
686,0,0,0,0,0,0,0
687,0,0,0,0,0,0,0
688,0,0,0,0,0,0,0
689,4,0,0,0,0,5,5
690,3,0,3,5,0,5,5
691,2,5,4,0,0,5,5
692,4,5,4,0,5,5,5
693,4,5,4,0,0,5,5
694,4,0,0,0,0,5,5
695,3,5,4,0,0,5,5
696,0,0,0,0,0,0,0
697,0,0,0,0,0,0,0
698,0,0,0,0,0,0,0
699,0,0,0,0,0,0,0
700,0,0,0,0,0,0,0
701,2,4,3,5,0,5,5
702,2,5,4,0,0,5,5
703,4,4,3,5,0,5,5
704,3,5,4,0,0,5,5
705,3,5,4,0,0,5,5
706,3,4,2,5,0,5,5
707,2,5,4,0,0,5,5
708,3,4,2,5,0,5,5
709,0,0,0,0,0,0,0
710,2,5,4,0,0,5,5
711,0,0,0,0,0,0,0
712,0,0,0,0,0,0,0
713,0,0,0,0,0,0,0
714,2,4,3,5,0,5,5
715,3,4,3,5,0,5,5
716,3,5,4,0,0,5,5
717,0,0,0,0,0,5,0
718,2,5,4,0,0,5,5
719,0,0,0,0,0,5,0
720,3,4,4,5,0,5,5
721,3,5,4,0,0,5,5
722,3,5,4,0,0,5,5
723,0,0,0,0,0,5,0
724,3,5,4,0,5,5,5
725,3,5,4,0,5,5,5
726,3,5,4,0,0,5,5
727,3,5,4,0,0,5,5
728,3,0,4,0,0,5,5
729,0,0,0,0,0,5,0
730,3,4,2,5,5,5,5
731,0,0,0,0,0,5,0
732,4,5,4,0,0,5,5
733,4,5,4,0,0,5,5
734,3,4,2,5,5,5,5
735,3,0,0,5,0,5,5
736,3,5,4,5,0,5,5
737,0,0,4,0,5,5,5
738,3,4,3,5,0,5,5
739,5,4,3,0,0,5,5
740,0,0,0,0,0,0,0
741,4,4,4,0,0,5,5
742,3,5,4,0,0,5,5
743,3,4,4,0,0,5,5
744,0,0,0,0,0,0,5
745,0,0,0,0,0,0,0
746,0,0,0,0,0,0,0
747,0,0,0,0,0,0,0
748,0,0,0,0,0,0,0
749,3,3,2,5,5,5,5
750,3,5,4,0,5,5,5
751,3,5,3,0,0,5,5
752,3,4,3,5,0,5,5
753,3,5,4,0,0,5,5
754,3,5,4,0,0,5,5
755,0,0,0,0,0,5,0
756,3,4,4,0,0,5,5
757,0,0,0,0,0,0,0
758,0,0,0,0,0,0,0
759,3,4,3,5,0,5,5
760,3,5,4,0,0,5,5
761,4,5,4,0,0,5,5
762,2,5,4,0,0,5,5
763,4,4,4,0,0,5,5
764,3,4,3,5,0,5,5
765,4,4,2,5,0,5,5
766,3,5,4,0,0,5,5
767,0,0,0,0,0,0,0
768,0,0,0,0,0,0,0
769,0,0,0,0,0,0,0
770,3,5,4,0,0,5,5
771,0,0,0,0,0,0,0
772,0,0,0,0,0,0,0
773,2,5,4,0,0,5,5
774,5,5,4,0,5,5,5
775,2,0,3,5,0,5,5
776,0,5,4,0,0,0,5
777,3,5,4,0,0,5,5
778,3,4,3,5,0,5,5
779,3,5,4,0,0,5,5
780,0,0,0,0,0,0,0
781,0,0,0,0,0,0,0
782,0,0,0,0,0,0,0
783,0,0,0,0,0,0,0
784,0,0,0,0,0,0,0
785,0,0,0,0,0,0,0
786,3,4,3,5,0,5,5
787,0,5,4,0,0,0,5
788,3,5,3,0,0,5,5
789,2,5,4,0,0,5,0
790,4,4,3,5,0,5,5
791,3,5,4,0,0,5,5
792,4,5,3,0,0,5,5
793,0,0,0,0,0,0,0
794,4,5,3,0,0,5,5
795,3,5,4,0,0,5,5
796,3,4,4,0,0,5,5
797,5,4,4,0,0,5,5
798,4,5,4,0,0,5,5
799,3,5,4,0,0,5,5
800,5,5,4,0,0,5,5
801,4,5,4,0,0,5,5
802,5,5,4,0,0,5,5
803,3,5,4,0,0,5,5
804,3,5,4,0,0,5,5
805,4,4,4,5,0,5,5
806,3,4,4,0,0,5,5
807,3,4,4,0,0,5,5
808,4,4,1,0,5,5,5
809,3,5,3,0,0,5,5
810,5,5,4,0,0,5,5
811,3,5,4,0,0,5,5
812,4,5,4,0,5,5,5
813,3,5,3,0,0,5,5
814,3,4,4,0,0,5,5
815,4,4,4,0,0,5,5
816,3,5,3,0,0,5,5
817,3,4,4,0,0,5,5
818,3,4,4,0,0,5,5
819,3,0,0,0,0,5,5
820,0,0,0,0,0,5,5
821,5,4,3,0,0,5,5
822,3,5,3,0,0,5,5
823,3,4,4,0,0,5,5
824,4,5,4,0,0,5,5
825,4,5,3,0,0,5,5
826,3,5,4,0,0,5,5
827,4,4,4,5,0,5,5
828,5,4,3,5,0,5,5
829,3,5,4,0,0,5,5
830,3,5,3,0,0,5,5
831,4,5,3,0,0,5,5
832,3,5,4,0,0,5,5
833,0,5,4,0,0,5,5
834,4,5,4,0,0,5,5
835,5,5,4,0,0,5,5
836,3,5,4,0,0,5,5
837,4,4,4,5,5,5,5
838,3,5,4,0,5,5,5
839,3,4,3,0,0,5,5
840,3,4,3,5,5,5,5
841,0,0,0,0,0,0,0
842,4,5,4,0,5,5,5
843,4,4,3,5,5,5,5
844,3,4,3,5,0,5,5
845,2,4,3,0,0,5,5
846,3,4,3,5,0,5,5
847,3,5,4,0,5,5,5
848,4,4,3,0,0,5,5
849,4,4,3,5,0,5,5
850,3,0,3,5,0,5,5
851,0,0,0,0,0,0,0
852,0,0,0,0,0,0,0
853,0,0,0,0,0,0,0
854,0,0,0,0,0,0,0
855,0,0,0,0,0,0,0
856,0,0,0,0,0,0,0
857,0,5,4,0,0,5,5
858,3,0,0,0,0,5,5
859,3,4,4,0,0,5,5
860,3,5,2,5,0,5,5
861,3,5,4,0,5,5,5
862,0,0,0,0,0,0,0
863,0,0,0,0,0,0,0
864,0,0,0,0,0,0,0
865,0,0,0,0,0,0,0
866,0,0,0,0,0,0,0
867,0,0,0,0,0,0,0
868,3,0,0,0,0,5,5
869,3,4,4,0,0,5,5
870,4,4,4,0,0,5,5
871,5,5,4,0,0,5,5
872,5,0,2,5,0,5,5
873,3,0,0,0,5,5,5
874,3,5,4,5,0,5,5
875,5,5,4,0,5,5,5
876,0,0,4,5,5,5,5
877,5,5,3,0,0,5,5
878,4,5,4,0,0,5,5
879,5,5,4,0,0,5,5
880,4,4,3,0,0,5,5
881,3,5,4,0,0,5,5
882,2,5,4,0,5,5,5
883,5,5,4,0,0,5,5
884,3,5,3,5,5,5,5
885,5,0,0,0,0,5,5
886,3,5,4,0,0,5,5
887,4,5,4,0,5,5,5
888,2,5,4,0,5,5,5
889,2,4,3,5,0,5,5
890,3,5,4,0,0,5,5
891,3,4,4,0,5,5,5
892,3,5,4,0,5,5,5
893,0,0,0,0,0,0,0
894,4,5,4,0,5,5,5
895,3,4,4,0,0,5,5
896,3,4,4,0,5,5,5
897,4,5,4,0,0,5,5
898,0,0,0,0,0,0,0
899,3,5,4,0,0,5,5
900,3,4,4,5,0,5,5
901,3,4,4,0,0,5,5
902,3,5,4,5,0,5,5
903,4,1,4,5,0,5,5
904,0,0,0,0,0,5,0
905,5,4,2,0,0,5,5
906,0,0,0,0,0,5,0
907,3,5,4,0,0,5,5
908,0,5,3,0,0,5,5
909,0,5,4,0,0,0,5
910,3,5,4,0,0,5,5
911,5,5,4,0,0,5,5
912,0,0,0,0,0,0,0
913,4,0,4,5,5,5,5
914,4,0,3,5,0,5,5
915,5,4,3,5,0,5,5
916,5,4,4,0,0,5,5
917,3,4,3,0,0,5,5
918,4,5,4,0,0,5,5
919,4,5,4,0,0,5,5
920,4,0,3,5,0,5,5
921,5,5,4,0,0,5,5
922,5,5,3,0,5,5,5
923,3,4,3,0,0,5,5
924,3,5,3,0,0,5,5
925,3,5,3,0,0,5,5
926,3,4,4,0,0,5,5
927,4,4,4,0,0,5,5
928,4,4,4,0,0,5,5
929,3,5,4,0,0,5,5
930,4,5,4,0,0,5,5
931,0,5,4,0,0,5,5
932,4,5,3,0,0,5,5
933,4,5,3,0,0,5,5
934,4,5,3,0,0,5,5
935,0,5,3,0,0,5,5
936,0,5,4,0,0,5,5
937,0,0,0,0,0,0,0
938,3,4,3,0,0,5,5
939,4,4,1,5,0,5,5
940,0,5,3,0,0,5,5
941,5,4,4,0,0,5,5
942,3,4,4,0,0,5,5
943,3,4,3,0,5,5,5
944,5,0,2,5,0,5,5
945,5,5,4,0,0,5,5
946,4,5,3,0,0,5,5
947,0,0,0,0,0,0,0
948,0,0,0,0,0,0,0
949,0,0,0,0,0,0,0
950,0,0,0,0,0,0,0
951,0,0,0,0,0,0,0
952,2,3,4,0,0,5,5
953,2,3,1,5,0,5,5
954,2,0,0,0,0,5,5
955,2,3,3,0,0,5,5
956,2,3,3,0,0,5,5
957,2,4,4,0,0,5,5
958,3,5,4,0,0,5,5
959,2,4,2,3,0,5,5
960,3,0,1,0,5,5,5
961,3,4,2,3,5,5,5
962,2,5,3,3,0,5,5
963,3,5,4,0,5,5,5
964,2,0,1,0,0,5,5
965,2,0,4,0,0,5,5
966,2,3,2,3,0,5,5
967,2,0,0,0,0,5,5
968,4,0,4,0,0,5,5
969,2,0,4,0,0,5,5
970,2,5,4,0,5,5,5
971,0,0,0,0,0,0,0
972,0,0,0,0,0,0,0
973,0,0,0,0,0,0,0
974,0,0,0,0,0,0,0
975,0,0,0,0,0,0,0
976,0,0,0,3,5,0,5
977,2,0,4,0,0,5,5
978,3,4,2,3,5,5,5
979,2,0,1,0,0,5,5
980,0,5,1,0,0,5,5
981,2,0,2,0,0,5,5
982,2,4,4,0,5,5,5
983,0,0,0,0,0,0,0
984,0,0,0,0,0,0,0
985,3,4,4,0,5,5,5
986,0,0,0,0,0,0,0
987,3,3,3,0,0,5,5
988,2,5,4,0,0,5,5
989,3,5,4,0,0,5,5
990,2,0,4,0,0,5,5
991,2,5,4,0,0,5,5
992,2,0,2,5,0,5,5
993,2,0,0,0,0,5,5
994,2,4,3,0,0,5,5
995,0,0,0,0,0,0,0
996,0,0,0,0,0,0,0
997,0,0,0,0,0,0,0
998,0,0,0,0,0,0,0
999,0,0,0,0,0,0,0
1000,0,0,0,0,0,0,0
1001,0,0,0,0,0,0,0
1002,0,0,0,0,0,0,0
1003,0,0,0,0,0,0,0
1004,0,0,0,0,0,0,0
1005,0,0,0,0,0,0,0
1006,0,0,0,0,0,0,0
1007,0,0,0,0,0,0,0
1008,0,0,0,0,0,0,0
1009,0,0,0,0,0,0,0
1010,0,0,0,0,0,0,0
1011,0,0,0,0,0,0,0
1012,0,0,0,0,0,0,0
1013,2,0,0,0,0,5,0
1014,0,0,0,0,0,0,0
1015,0,0,0,0,0,0,0
1016,0,0,0,0,0,0,0
1017,0,0,0,0,0,0,0
1018,0,0,0,0,0,0,0
1019,0,0,0,0,0,0,0
1020,0,0,0,0,0,0,0
1021,0,0,0,0,0,0,0
1022,0,0,0,0,0,0,0
1023,0,0,0,0,0,0,0
1024,0,0,0,0,0,0,0
1025,0,0,0,0,0,0,0
1026,0,0,0,0,0,0,0
1027,0,0,0,0,0,0,0
1028,0,0,0,0,0,0,0
1029,0,0,0,0,0,0,0
1030,0,0,0,0,0,0,0
1031,0,0,0,0,0,0,0
1032,0,0,0,0,0,0,0
1033,0,0,0,0,0,0,0
1034,0,0,0,0,0,0,0
1035,0,0,0,0,0,0,0
1036,0,0,0,0,0,0,0
1037,0,0,0,0,0,0,0
1038,0,0,0,0,0,0,0
1039,0,0,0,0,0,0,0
1040,0,0,0,0,0,0,0
1041,0,0,0,0,0,0,0
1042,0,0,0,0,0,0,0
1043,0,0,0,0,0,0,0
1044,0,0,0,0,0,0,0
1045,0,0,0,0,0,0,0
1046,0,0,0,0,0,0,0
1047,0,0,0,0,0,0,0
1048,0,0,0,0,0,0,0
1049,0,0,0,0,0,0,0
1050,0,0,0,0,0,0,0
1051,0,0,0,0,0,0,0
1052,0,0,0,0,0,0,0
1053,0,0,0,0,0,0,0
1054,0,0,0,0,0,0,0
1055,0,0,0,0,0,0,0
1056,0,0,0,0,0,0,0
1057,0,0,0,0,0,0,0
1058,0,0,0,0,0,0,0
1059,0,0,0,0,0,0,0
1060,0,0,0,0,0,0,0
1061,0,0,0,0,0,0,0
1062,0,0,0,0,0,0,0
1063,0,0,0,0,0,0,0
1064,0,0,0,0,0,0,0
1065,0,0,0,0,0,0,0
1066,0,0,0,0,0,0,0
1067,0,0,0,0,0,0,0
1068,0,0,0,0,0,0,0
1069,0,0,0,0,0,0,0
1070,0,0,0,0,0,0,0
1071,0,0,0,0,0,0,0
1072,0,0,0,0,0,0,0
1073,0,0,0,0,0,0,0
1074,0,0,0,0,0,0,0
1075,0,0,0,0,0,0,0
1076,0,0,0,0,0,0,0
1077,0,0,0,0,0,0,0
1078,0,0,0,0,0,0,0
1079,0,0,0,0,0,0,0
1080,0,0,0,0,0,0,0
1081,0,0,0,0,0,0,0
1082,0,0,0,0,0,0,0
1083,0,0,0,0,0,0,0
1084,0,0,0,0,0,0,5
1085,0,5,4,0,5,5,5
1086,2,4,2,5,5,5,5
1087,0,5,3,0,0,5,5
1088,2,0,4,0,0,5,5
1089,2,0,4,0,0,5,5
1090,3,0,3,5,0,5,5
1091,0,0,0,0,0,0,0
1092,0,0,0,0,0,0,0
1093,0,0,0,0,0,0,0
1094,0,0,0,0,0,0,0
1095,0,0,0,0,0,0,0
1096,3,4,2,0,5,5,5
1097,2,4,2,0,0,5,5
1098,3,3,2,3,5,5,5
1099,2,0,2,3,0,5,5
1100,2,0,4,0,0,5,5
1101,3,0,4,0,0,5,5
1102,3,0,4,0,0,5,5
1103,0,0,0,0,0,0,0
1104,0,0,0,0,0,0,0
1105,0,0,0,0,0,0,0
1106,0,0,0,0,0,0,0
1107,0,0,0,0,0,0,0
1108,0,5,4,0,0,5,5
1109,2,1,3,5,0,5,5
1110,2,3,2,0,5,5,5
1111,3,4,2,5,0,5,5
1112,3,4,2,3,0,5,5
1113,3,0,2,0,5,5,5
1114,3,3,2,5,0,5,5
1115,0,0,0,0,0,0,0
1116,0,0,0,0,0,0,0
1117,0,0,0,0,0,0,0
1118,0,0,0,0,0,0,0
1119,0,0,0,0,0,0,0
1120,3,0,2,0,0,5,5
1121,0,0,0,0,0,0,0
1122,2,0,2,5,0,5,5
1123,3,4,2,5,0,5,5
1124,5,5,4,0,5,5,5
1125,3,4,4,0,0,5,5
1126,3,0,0,3,5,5,5
1127,0,0,0,0,0,0,0
1128,2,5,4,0,0,5,5
1129,0,0,0,0,0,0,0
1130,0,0,0,0,0,0,0
1131,0,0,0,0,0,0,0
1132,3,5,3,3,0,5,5
1133,2,5,4,0,5,5,5
1134,2,4,3,0,0,5,5
1135,2,0,4,0,0,5,5
1136,0,0,0,0,0,0,0
1137,0,0,0,0,0,0,0
1138,0,0,0,0,0,0,0
1139,0,0,0,0,0,0,0
1140,0,0,0,0,0,0,0
1141,0,0,0,0,0,0,0
1142,0,0,0,0,0,0,0
1143,0,0,0,0,0,0,0
1144,0,0,0,0,0,0,0
1145,0,0,0,0,0,0,0
1146,0,0,0,0,0,0,0
1147,0,0,0,0,0,0,0
1148,0,0,0,0,0,0,0
1149,0,0,0,0,0,0,0
1150,0,0,0,0,0,0,0
1151,0,0,0,0,0,0,0
1152,0,0,0,0,0,0,0
1153,0,0,0,0,0,0,0
1154,0,0,0,0,0,0,0
1155,0,0,0,0,0,0,0
1156,0,0,0,0,0,0,0
1157,0,0,0,0,0,0,0
1158,0,0,0,0,0,0,0
1159,0,0,0,0,0,0,0
1160,0,0,0,0,0,0,0
1161,0,0,0,0,0,0,0
1162,0,0,0,0,0,0,0
1163,0,0,0,0,0,0,0
1164,0,0,0,0,0,0,0
1165,0,0,0,0,0,0,0
1166,0,0,0,0,0,0,0
1167,0,0,0,0,0,0,0
1168,3,0,3,5,0,5,5
1169,2,5,4,0,0,5,5
1170,2,4,4,5,5,5,5
1171,3,4,3,0,0,5,5
1172,3,5,4,0,5,5,5
1173,2,3,4,0,0,5,5
1174,2,3,4,0,0,5,5
1175,0,0,0,0,0,0,0
1176,0,0,0,0,0,0,0
1177,0,0,0,0,0,0,0
1178,0,0,0,0,0,0,0
1179,0,0,0,0,0,0,0
1180,3,0,4,0,0,5,5
1181,2,0,1,5,0,5,5
1182,0,0,3,0,5,5,5
1183,2,0,3,3,0,5,5
1184,3,4,2,5,0,5,5
1185,3,0,4,0,0,5,5
1186,3,3,3,0,0,5,5
1187,0,0,0,0,0,0,0
1188,0,0,0,0,0,0,0
1189,0,0,0,0,0,0,0
1190,0,0,0,0,0,0,0
1191,0,0,0,0,0,0,0
1192,0,0,0,0,0,0,0
1193,0,0,0,0,0,0,0
1194,0,0,0,0,0,0,0
1195,0,0,0,0,0,0,0
1196,0,0,0,0,0,0,0
1197,0,0,0,0,0,0,0
1198,0,0,0,0,0,0,0
1199,2,3,3,0,0,5,5
1200,0,0,0,0,0,0,0
1201,0,0,0,0,0,0,0
1202,0,0,0,0,0,0,0
1203,0,0,0,0,0,0,0
1204,4,4,1,5,5,5,5
1205,0,0,0,0,0,0,0
1206,3,0,4,0,0,5,5
1207,3,5,4,0,0,5,5
1208,3,5,4,0,5,5,5
1209,3,0,1,5,0,5,5
1210,2,3,2,0,0,5,5
1211,3,4,4,0,0,5,5
1212,3,0,1,5,0,5,5
1213,0,0,0,0,0,0,0
1214,0,0,0,0,0,0,0
1215,0,0,0,0,0,0,0
1216,0,0,0,0,0,0,0
1217,3,4,4,0,0,5,5
1218,3,0,4,0,0,5,5
1219,4,0,0,5,0,5,5
1220,0,3,1,0,0,0,5
1221,2,1,2,5,0,5,5
1222,2,0,2,0,5,5,5
1223,0,0,0,0,0,0,0
1224,0,0,0,0,0,0,0
1225,0,0,0,0,0,0,0
1226,0,0,0,0,0,0,0
1227,0,0,0,0,0,0,0
1228,3,4,3,0,5,5,5
1229,0,0,0,0,0,0,0
1230,3,1,1,5,0,5,5
1231,3,3,3,5,5,5,5
1232,2,5,3,0,5,5,5
1233,3,3,2,0,0,5,5
1234,2,3,3,0,0,5,5
1235,0,0,0,0,0,0,0
1236,0,0,0,0,0,0,0
1237,0,0,0,0,0,0,0
1238,0,0,0,0,0,0,0
1239,0,0,0,0,0,0,0
1240,3,3,2,5,0,5,5
1241,3,4,3,0,5,5,5
1242,2,3,2,5,0,5,5
1243,2,4,2,0,0,5,5
1244,2,1,2,5,0,5,5
1245,0,5,4,0,0,5,5
1246,2,0,0,3,0,5,5
1247,0,0,0,0,0,0,0
1248,0,0,0,0,0,0,0
1249,0,0,0,0,0,0,0
1250,2,4,3,0,0,5,5
1251,0,0,0,0,0,0,0
1252,0,0,0,0,0,0,0
1253,0,0,0,0,0,0,0
1254,0,0,0,0,0,0,0
1255,0,0,0,0,0,0,0
1256,0,0,0,0,0,0,0
1257,0,0,0,0,0,0,0
1258,0,0,0,0,0,0,0
1259,0,0,0,0,0,0,0
1260,0,0,0,0,0,0,0
1261,0,0,0,0,0,0,0
1262,0,0,0,0,0,0,0
1263,0,0,0,0,0,0,0
1264,2,4,4,0,5,5,5
1265,2,0,2,0,0,5,5
1266,3,3,2,0,5,5,5
1267,2,0,0,0,0,5,5
1268,0,0,0,0,0,0,0
1269,3,5,4,0,0,5,5
1270,2,5,1,0,0,5,5
1271,0,0,0,0,0,0,0
1272,0,0,0,0,0,0,0
1273,0,0,0,0,0,0,0
1274,0,0,0,0,0,0,0
1275,0,0,0,0,0,0,0
1276,3,0,4,0,0,5,5
1277,3,0,2,5,0,5,5
1278,3,3,1,0,5,5,5
1279,2,0,4,0,0,5,5
1280,2,0,0,0,0,5,5
1281,3,0,2,5,0,5,5
1282,2,4,4,0,0,5,5
1283,0,0,0,0,0,0,0
1284,0,0,0,0,0,0,0
1285,0,0,0,0,0,0,0
1286,0,0,0,0,0,0,0
1287,0,0,0,0,0,0,0
1288,3,0,4,0,0,5,5
1289,3,0,3,3,5,5,5
1290,0,0,3,0,0,0,5
1291,2,4,3,0,5,5,5
1292,3,1,3,0,0,5,5
1293,3,0,4,0,0,5,5
1294,2,4,2,5,5,5,5
1295,0,0,0,0,0,0,0
1296,0,0,0,0,0,0,0
1297,0,0,0,0,0,0,0
1298,0,0,0,0,0,0,0
1299,0,0,0,0,0,0,0
1300,3,0,3,0,0,5,5
1301,3,5,4,0,0,5,5
1302,0,0,0,0,0,5,5
1303,0,0,0,0,0,0,0
1304,0,0,0,0,0,0,0
1305,2,4,4,0,5,5,5
1306,2,4,3,0,5,5,5
1307,0,0,0,0,0,0,0
1308,0,0,0,0,0,0,0
1309,0,0,0,0,0,0,0
1310,0,0,0,0,0,0,0
1311,0,0,0,0,0,0,0
1312,3,0,3,0,0,5,5
1313,2,1,4,0,0,5,5
1314,2,0,2,5,0,5,5
1315,0,0,0,0,0,0,0
1316,0,0,0,0,0,0,0
1317,0,0,0,0,0,0,0
1318,5,3,3,0,0,5,5
1319,0,0,0,0,0,0,0
1320,3,5,4,0,5,5,5
1321,0,0,0,0,0,0,0
1322,3,0,1,5,5,5,5
1323,0,0,0,0,0,0,0
1324,3,4,1,0,0,5,5
1325,2,5,4,0,0,5,5
1326,2,0,2,5,0,5,5
1327,3,0,0,0,0,5,5
1328,4,0,3,5,0,5,5
1329,3,0,4,0,0,5,5
1330,3,0,0,5,0,5,5
1331,0,0,0,0,0,0,0
1332,0,0,0,0,0,0,0
1333,0,0,0,0,0,0,0
1334,0,0,0,0,0,0,0
1335,0,0,0,0,0,0,0
1336,2,0,4,0,0,5,5
1337,5,5,4,0,5,5,5
1338,3,0,0,0,0,5,5
1339,2,4,3,0,0,5,5
1340,0,0,0,0,0,0,0
1341,2,4,4,0,0,5,5
1342,4,4,4,0,0,0,5
1343,0,0,0,0,0,0,0
1344,0,0,0,0,0,0,0
1345,0,0,0,0,0,0,0
1346,0,0,0,0,0,0,0
1347,0,0,0,0,0,0,0
1348,0,4,4,0,0,5,5
1349,3,1,4,5,5,5,5
1350,3,1,3,5,0,5,5
1351,3,3,3,5,0,5,5
1352,4,0,0,5,5,5,5
1353,3,0,0,0,0,5,5
1354,3,1,4,5,5,5,5
1355,0,0,0,0,0,0,0
1356,0,0,0,0,0,0,0
1357,0,0,0,0,0,0,0
1358,0,0,0,0,0,0,0
1359,0,0,0,0,0,0,0
1360,0,0,0,0,0,0,0
1361,3,0,0,0,0,0,0
1362,0,0,0,0,0,0,0
1363,0,0,0,0,0,0,0
1364,0,0,0,0,0,0,0
1365,0,0,0,0,0,0,0
1366,0,0,0,0,0,0,0
1367,0,0,0,0,0,0,0
1368,0,0,0,0,0,0,0
1369,0,0,0,0,0,0,0
1370,0,0,0,0,0,0,0
1371,0,0,0,0,0,0,0
1372,3,4,3,0,0,5,5
1373,3,5,4,0,0,5,5
1374,4,0,2,5,0,5,5
1375,2,4,4,0,5,5,5
1376,0,0,0,0,0,0,0
1377,3,5,4,0,0,5,5
1378,2,4,2,3,0,5,5
1379,0,0,0,0,0,0,0
1380,0,0,0,0,0,0,0
1381,0,0,0,0,0,0,0
1382,0,0,0,0,0,0,0
1383,0,0,0,0,0,0,0
1384,0,0,0,0,0,0,0
1385,3,3,1,5,0,5,5
1386,2,4,4,3,0,5,5
1387,2,3,1,5,5,5,5
1388,4,4,3,3,5,5,5
1389,2,4,2,5,0,5,5
1390,3,5,2,0,0,5,5
1391,0,0,0,0,0,0,0
1392,0,0,0,0,0,0,0
1393,0,0,0,0,0,0,0
1394,0,0,0,0,0,0,0
1395,0,0,0,0,0,0,0
1396,0,0,0,0,0,0,0
1397,0,0,0,0,0,0,0
1398,0,0,0,0,0,0,0
1399,0,0,0,0,0,0,0
1400,0,0,0,0,0,0,0
1401,0,0,0,0,0,0,0
1402,0,0,0,0,0,0,0
1403,0,0,0,0,0,0,0
1404,0,0,0,0,0,0,0
1405,0,0,0,0,0,0,0
1406,0,0,0,0,0,0,0
1407,0,0,0,0,0,0,0
1408,0,0,0,0,0,0,0
1409,0,0,0,0,0,0,0
1410,0,0,0,0,0,0,0
1411,0,0,0,0,0,0,0
1412,0,0,0,0,0,0,0
1413,0,0,0,0,0,0,0
1414,0,0,0,0,0,0,0
1415,0,0,0,0,0,0,0
1416,0,0,0,0,0,0,0
1417,0,0,0,0,0,0,0
1418,0,0,0,0,0,0,0
1419,0,0,0,0,0,0,0
1420,0,0,0,0,0,0,0
1421,0,0,0,0,0,0,0
1422,0,0,0,0,0,0,0
1423,0,0,0,0,0,0,0
1424,0,0,0,0,0,0,0
1425,0,0,0,0,0,0,0
1426,0,0,0,0,0,0,0
1427,0,0,0,0,0,0,0
1428,0,0,0,0,0,0,0
1429,0,0,0,0,0,0,0
1430,0,0,0,0,0,0,0
1431,0,0,0,0,0,0,0
1432,0,0,0,0,0,0,0
1433,0,0,0,0,0,0,0
1434,0,0,0,0,0,0,0
1435,0,0,0,0,0,0,0
1436,0,0,0,0,0,0,0
1437,0,0,0,0,0,0,0
1438,0,0,0,0,0,0,0
1439,0,0,0,0,0,0,0
1440,0,0,0,0,0,0,0
1441,0,0,0,0,0,0,0
1442,0,0,0,0,0,0,0
1443,0,0,0,0,0,0,0
1444,0,0,0,0,0,0,0
1445,0,0,0,0,0,0,0
1446,0,0,0,0,0,0,0
1447,0,0,0,0,0,0,0
1448,0,0,0,0,0,0,0
1449,0,0,0,0,0,0,0
1450,0,0,0,0,0,0,0
1451,0,0,0,0,0,0,0
1452,0,0,0,0,0,0,0
1453,0,0,0,0,0,0,0
1454,0,0,0,0,0,0,0
1455,0,0,0,0,0,0,0
1456,0,1,4,0,0,5,5
1457,2,3,2,0,0,5,5
1458,2,4,3,0,5,5,5
1459,3,3,3,0,0,5,5
1460,3,0,2,5,0,5,5
1461,0,0,0,0,0,0,0
1462,3,4,4,0,0,5,5
1463,0,0,0,0,0,0,0
1464,2,5,4,0,0,5,5
1465,0,0,0,0,0,0,0
1466,0,0,0,0,0,0,0
1467,2,4,3,0,0,5,5
1468,0,0,0,0,0,5,5
1469,2,1,3,0,5,5,5
1470,3,1,4,0,0,5,5
1471,0,0,0,0,0,0,0
1472,2,4,4,0,0,5,5
1473,2,4,3,5,0,5,5
1474,2,1,3,5,0,5,5
1475,0,0,0,0,0,0,0
1476,0,0,0,0,0,0,0
1477,0,0,0,0,0,0,0
1478,0,0,0,0,0,0,0
1479,0,0,0,0,0,0,0
1480,0,0,0,0,0,5,0
1481,0,0,0,0,0,0,0
1482,0,0,0,0,0,0,0
1483,0,0,0,0,0,0,0
1484,0,0,0,0,0,0,0
1485,0,0,0,0,0,0,0
1486,0,0,0,0,0,0,0
1487,0,0,0,0,0,0,0
1488,0,0,0,0,0,0,0
1489,0,0,0,0,0,0,0
1490,0,0,0,0,0,0,0
1491,0,0,0,0,0,0,0
1492,3,3,2,5,5,5,5
1493,3,0,0,0,0,0,0
1494,3,5,4,0,0,5,5
1495,0,0,0,0,0,0,0
1496,3,3,2,5,5,5,5
1497,3,4,3,3,0,5,5
1498,3,5,4,0,0,5,5
1499,0,0,0,0,0,0,0
1500,0,0,0,0,0,0,0
1501,3,4,2,0,0,5,5
1502,0,0,0,0,0,0,0
1503,0,0,0,0,0,0,0
1504,0,0,0,0,0,0,0
1505,2,5,4,0,0,5,5
1506,3,4,4,0,0,5,5
1507,3,4,3,5,0,5,5
1508,3,4,3,5,0,5,5
1509,3,4,4,5,0,5,5
1510,2,4,2,3,0,5,5
1511,0,0,0,0,0,0,0
1512,0,0,0,0,0,0,0
1513,0,0,0,0,0,0,0
1514,0,0,0,0,0,0,0
1515,0,0,0,0,0,0,0
1516,2,3,2,3,0,5,5
1517,2,4,4,5,0,5,5
1518,3,4,3,5,0,5,5
1519,3,5,4,5,5,5,5
1520,3,5,4,3,5,5,5
1521,3,4,3,5,0,5,5
1522,2,4,4,5,0,5,5
1523,0,0,0,0,0,0,0
1524,0,0,0,0,0,0,0
1525,0,0,0,0,0,0,0
1526,0,0,0,0,0,0,0
1527,0,4,3,5,0,0,5
1528,2,4,3,5,0,5,5
1529,3,5,3,0,0,5,5
1530,2,4,2,0,0,5,5
1531,3,4,1,5,0,5,5
1532,4,5,4,0,0,5,5
1533,3,4,3,0,0,5,5
1534,3,4,3,5,0,5,5
1535,0,0,0,0,0,0,0
1536,0,0,0,0,0,0,0
1537,0,0,0,0,0,0,0
1538,0,0,0,0,0,0,0
1539,0,0,0,0,0,0,0
1540,0,0,0,0,0,0,0
1541,2,4,2,5,0,5,5
1542,0,0,0,0,0,0,0
1543,2,5,4,0,5,5,5
1544,2,4,2,5,0,5,5
1545,3,3,1,3,0,5,5
1546,2,3,1,3,5,5,5
1547,0,0,0,0,0,0,0
1548,0,0,0,0,0,0,0
1549,0,0,0,0,0,0,0
1550,0,0,0,0,0,0,0
1551,0,0,0,0,0,0,0
1552,0,0,0,0,0,0,0
1553,3,4,4,5,0,5,5
1554,0,0,0,0,0,0,0
1555,3,3,3,5,0,5,5
1556,3,4,4,5,0,5,5
1557,3,4,2,5,0,5,5
1558,3,4,4,5,0,5,5
1559,0,0,0,0,0,0,0
1560,0,0,0,0,0,0,0
1561,0,0,0,0,0,0,0
1562,0,0,0,0,0,0,0
1563,0,0,0,0,0,0,0
1564,0,0,0,0,0,0,0
1565,0,0,0,0,0,0,0
1566,0,0,0,0,0,0,0
1567,0,0,0,0,0,0,0
1568,0,0,0,0,0,0,0
1569,0,0,0,0,0,0,0
1570,0,0,0,0,0,0,0
1571,0,0,0,0,0,0,0
1572,0,0,0,0,0,0,0
1573,0,0,0,0,0,0,0
1574,0,0,0,0,0,0,0
1575,0,0,0,0,0,0,0
1576,0,0,0,0,0,0,0
1577,0,0,0,0,0,0,0
1578,0,0,0,0,0,0,0
1579,0,0,0,0,0,0,0
1580,0,0,0,0,0,0,0
1581,0,0,0,0,0,0,0
1582,0,0,0,0,0,0,0
1583,0,0,0,0,0,0,0
1584,0,0,0,0,0,0,0
1585,0,0,0,0,0,0,0
1586,0,0,0,0,0,0,0
1587,0,0,0,0,0,0,0
1588,2,4,2,5,0,5,5
1589,2,4,3,5,0,5,5
1590,2,4,3,0,5,5,5
1591,3,4,3,0,0,5,5
1592,2,3,2,5,0,5,5
1593,0,0,0,0,0,0,0
1594,2,4,3,0,5,5,5
1595,0,0,0,0,0,0,0
1596,0,0,0,0,0,0,0
1597,0,0,0,0,0,0,0
1598,0,0,0,0,0,0,0
1599,0,0,0,0,0,0,0
1600,2,3,1,3,5,5,5
1601,2,5,4,0,5,5,5
1602,5,4,4,5,0,5,5
1603,2,5,4,0,5,5,5
1604,3,5,4,5,0,5,5
1605,3,4,4,5,0,5,5
1606,2,4,2,5,5,5,5
1607,0,0,0,0,0,0,0
1608,0,0,0,0,0,0,0
1609,0,0,0,0,0,0,0
1610,0,0,0,0,0,0,0
1611,0,0,0,0,0,0,0
1612,2,5,4,0,0,5,5
1613,2,5,4,0,0,5,5
1614,2,3,2,3,5,5,5
1615,2,5,4,0,5,5,5
1616,4,5,4,0,5,5,5
1617,2,3,2,5,0,5,5
1618,3,4,2,5,5,5,5
1619,0,0,0,0,0,0,0
1620,0,0,0,0,0,0,0
1621,0,0,0,0,0,0,0
1622,0,0,0,0,0,0,0
1623,0,0,0,0,0,0,0
1624,0,0,0,0,0,0,0
1625,0,0,0,0,0,0,0
1626,0,0,0,0,0,0,0
1627,0,0,0,0,0,0,0
1628,0,0,0,0,0,0,0
1629,0,0,0,0,0,0,0
1630,0,0,0,0,0,0,0
1631,0,0,0,0,0,0,0
1632,0,0,0,0,0,0,0
1633,0,0,0,0,0,0,0
1634,0,0,0,0,0,0,0
1635,0,0,0,0,0,0,0
1636,0,0,0,0,0,0,0
1637,0,0,0,0,0,0,0
1638,0,0,0,0,0,0,0
1639,0,0,0,0,0,0,0
1640,0,0,0,0,0,0,0
1641,0,0,0,0,0,0,0
1642,0,0,0,0,0,0,0
1643,0,0,0,0,0,0,0
1644,0,0,0,0,0,0,0
1645,0,0,0,0,0,0,0
1646,0,0,0,0,0,0,0
1647,0,0,0,0,0,0,0
1648,4,5,4,0,0,5,5
1649,3,5,4,0,5,5,5
1650,2,5,2,0,0,5,5
1651,3,4,3,5,5,5,5
1652,2,4,2,5,0,5,5
1653,2,4,4,0,0,5,5
1654,2,4,4,0,0,5,5
1655,4,4,3,0,0,5,5
1656,5,4,3,0,0,5,5
1657,3,4,3,5,0,5,5
1658,4,3,1,3,0,5,5
1659,3,3,2,3,0,5,5
1660,4,3,3,5,0,5,5
1661,4,5,4,0,0,5,5
1662,3,4,3,5,0,5,5
1663,0,3,1,3,5,5,5
1664,3,3,4,3,5,5,5
1665,3,4,4,0,0,5,5
1666,3,3,3,5,5,5,5
1667,3,3,1,3,5,5,5
1668,5,5,4,0,0,5,5
1669,3,4,2,5,5,5,5
1670,4,1,2,3,5,5,5
1671,3,4,3,3,5,5,5
1672,3,3,2,3,0,5,5
1673,3,3,2,0,5,5,5
1674,0,0,0,0,0,5,5
1675,0,5,3,0,5,5,5
1676,3,5,4,0,0,5,5
1677,2,4,3,3,0,5,5
1678,3,3,2,3,0,5,5
1679,3,4,2,5,0,5,5
1680,3,3,3,5,5,5,5
1681,3,4,2,3,5,5,5
1682,4,3,4,5,5,5,5
1683,3,3,4,5,0,5,5
1684,3,4,2,3,5,5,5
1685,0,0,0,0,0,0,0
1686,2,4,3,0,0,5,5
1687,3,5,3,0,0,5,5
1688,3,0,1,5,5,5,5
1689,3,3,2,5,0,5,5
1690,3,3,2,3,0,5,5
1691,0,0,0,0,0,0,0
1692,0,0,0,0,0,0,0
1693,0,0,0,0,0,0,0
1694,0,0,0,0,0,0,0
1695,0,0,0,0,0,0,0
1696,3,4,2,3,0,5,5
1697,3,4,3,5,0,5,0
1698,0,4,4,0,0,0,5
1699,2,5,4,0,5,5,5
1700,2,5,4,0,0,5,5
1701,2,4,3,0,0,5,5
1702,3,4,4,5,0,5,5
1703,0,0,0,0,0,0,0
1704,0,0,0,0,0,0,0
1705,0,0,0,0,0,0,0
1706,0,0,0,0,0,0,0
1707,0,0,0,0,0,0,0
1708,0,0,0,0,0,0,0
1709,3,0,1,0,0,5,5
1710,3,0,0,0,0,0,0
1711,0,0,0,0,0,0,0
1712,2,4,3,5,5,5,5
1713,3,4,4,5,0,5,5
1714,3,3,1,3,5,5,5
1715,3,3,2,5,0,5,5
1716,3,3,1,5,5,5,5
1717,3,4,1,0,5,5,5
1718,3,1,1,3,0,5,5
1719,3,4,1,5,5,5,5
1720,3,3,1,3,0,5,5
1721,3,4,4,0,0,5,5
1722,3,4,1,3,0,5,5
1723,3,4,4,5,5,5,5
1724,0,3,2,3,0,5,5
1725,0,0,0,0,0,0,0
1726,3,4,1,0,5,5,5
1727,0,4,1,5,0,0,5
1728,0,0,0,0,0,0,0
1729,0,0,0,0,0,0,0
1730,0,0,0,0,0,0,0
1731,0,0,0,0,0,0,0
1732,3,1,4,3,0,5,5
1733,3,5,0,0,0,5,5
1734,3,4,3,3,5,5,5
1735,4,4,3,0,5,5,5
1736,3,4,4,5,0,5,5
1737,3,0,2,5,0,5,5
1738,3,3,2,5,5,5,5
1739,0,0,0,0,0,0,0
1740,0,0,0,0,0,0,0
1741,3,5,4,0,5,5,5
1742,0,0,0,0,0,0,0
1743,0,0,0,0,0,0,0
1744,2,4,4,5,0,5,5
1745,3,4,3,5,0,5,5
1746,2,4,4,0,0,5,5
1747,2,3,2,3,0,5,5
1748,3,3,3,5,5,5,5
1749,2,5,4,0,5,5,5
1750,3,4,4,5,0,5,5
1751,0,4,2,5,0,0,5
1752,3,5,4,0,5,5,5
1753,0,0,0,0,0,0,0
1754,2,5,4,0,0,5,5
1755,0,0,0,0,0,0,0
1756,0,0,0,0,0,0,0
1757,3,4,4,5,0,5,5
1758,2,4,4,5,0,5,5
1759,3,5,4,0,0,5,5
1760,0,0,0,0,0,0,0
1761,3,3,2,5,5,5,5
1762,0,0,0,0,0,0,0
1763,2,4,3,0,0,5,5
1764,3,5,4,0,0,5,5
1765,0,0,0,0,0,0,0
1766,3,1,3,5,0,5,5
1767,0,0,0,0,0,0,0
1768,3,3,1,5,5,5,5
1769,0,0,0,0,0,0,0
1770,4,5,4,0,0,5,5
1771,3,0,3,0,0,5,5
1772,5,5,4,0,0,5,5
1773,3,4,4,0,0,5,5
1774,3,5,4,0,0,5,5
1775,0,0,0,0,0,0,0
1776,0,0,0,0,0,0,0
1777,0,0,0,0,0,0,0
1778,2,4,2,5,0,5,5
1779,0,0,0,0,0,0,0
1780,3,3,1,5,0,5,5
1781,0,4,4,0,0,0,5
1782,3,4,2,5,0,5,5
1783,3,3,2,5,0,5,5
1784,2,3,2,5,0,5,5
1785,0,0,0,0,0,0,0
1786,0,0,0,0,0,0,0
1787,0,0,0,0,0,0,0
1788,0,0,0,0,0,0,0
1789,0,0,0,0,0,0,0
1790,0,0,0,0,0,0,0
1791,0,0,0,0,0,0,0
1792,3,0,0,5,0,5,5
1793,2,4,3,0,5,5,5
1794,0,0,0,0,0,5,5
1795,2,5,4,0,0,5,5
1796,3,1,3,5,5,5,5
1797,3,5,4,0,5,5,5
1798,2,4,2,0,5,5,5
1799,0,0,0,0,0,0,0
1800,0,0,0,0,0,0,0
1801,0,0,0,0,0,0,0
1802,0,0,0,0,0,0,0
1803,0,0,0,0,0,0,0
1804,0,0,0,0,0,0,0
1805,2,0,0,0,0,5,5
1806,2,5,4,0,0,5,5
1807,3,5,4,0,0,5,5
1808,0,0,0,0,0,0,0
1809,0,0,0,0,0,0,0
1810,3,0,4,0,5,5,5
1811,0,0,0,0,0,0,0
1812,0,0,0,0,0,0,0
1813,0,0,0,0,0,0,0
1814,0,0,0,0,0,0,0
1815,0,0,0,0,0,0,0
1816,0,4,2,0,0,5,5
1817,2,1,3,0,5,5,5
1818,2,0,3,5,0,5,5
1819,3,0,2,0,0,5,5
1820,2,0,3,0,5,5,5
1821,0,0,0,0,0,0,0
1822,2,0,0,0,0,5,5
1823,0,0,0,0,0,0,0
1824,0,0,0,0,0,0,0
1825,0,0,0,0,0,0,0
1826,2,0,0,0,0,5,5
1827,0,0,0,0,0,0,0
1828,2,0,2,5,0,5,5
1829,3,0,0,0,5,5,5
1830,2,3,3,0,0,5,5
1831,2,0,1,0,5,5,5
1832,3,1,2,5,0,5,5
1833,2,5,4,0,5,5,5
1834,3,4,3,3,5,5,5
1835,0,0,0,0,0,0,0
1836,0,0,0,0,0,0,0
1837,0,0,0,0,0,0,0
1838,0,0,0,0,0,0,0
1839,0,0,0,0,0,0,0
1840,3,0,2,5,0,5,5
1841,3,0,0,5,0,5,5
1842,2,0,2,0,0,5,5
1843,2,5,4,0,0,5,5
1844,3,4,2,3,5,5,5
1845,2,5,4,0,0,5,5
1846,2,4,3,0,5,5,5
1847,3,1,2,0,0,5,5
1848,0,0,0,0,0,0,0
1849,2,1,3,5,0,5,5
1850,0,0,0,0,0,0,0
1851,2,0,3,0,0,5,5
1852,0,0,0,0,0,0,0
1853,2,5,4,0,0,5,5
1854,2,4,2,5,5,5,5
1855,2,5,0,0,0,5,5
1856,2,0,3,0,5,5,5
1857,2,1,1,5,5,5,5
1858,0,0,0,0,0,0,0
1859,0,0,0,0,0,0,0
1860,0,0,0,0,0,0,0
1861,0,0,0,0,0,0,0
1862,0,0,0,0,0,0,0
1863,0,0,0,0,0,0,0
1864,0,0,0,0,0,0,0
1865,3,0,1,0,0,5,5
1866,2,5,4,0,0,5,5
1867,2,4,3,0,5,5,5
1868,2,4,4,0,5,5,5
1869,2,4,2,5,0,5,5
1870,2,0,0,0,5,5,5
1871,0,0,0,0,0,0,0
1872,0,0,0,0,0,0,0
1873,0,0,0,0,0,0,0
1874,0,0,0,0,0,0,0
1875,0,0,0,0,0,0,0
1876,0,0,0,0,0,0,0
1877,0,0,0,0,0,0,0
1878,0,0,0,0,0,0,0
1879,0,0,0,0,0,0,0
1880,0,0,0,0,0,0,0
1881,0,0,0,0,0,0,0
1882,0,0,0,0,0,0,0
1883,0,0,0,0,0,0,0
1884,0,0,0,0,0,0,0
1885,0,0,0,0,0,0,0
1886,0,0,0,0,0,0,0
1887,0,0,0,0,0,0,0
1888,2,0,1,5,5,5,5
1889,0,0,0,0,0,0,0
1890,0,0,0,0,0,0,0
1891,2,0,2,5,0,5,5
1892,0,0,0,0,0,0,0
1893,0,0,0,0,0,0,0
1894,3,5,1,0,0,5,5
1895,0,0,0,0,0,0,0
1896,0,0,0,0,0,0,0
1897,0,0,0,0,0,0,0
1898,0,0,0,0,0,0,0
1899,0,0,0,0,0,0,0
1900,0,0,0,0,0,0,0
1901,0,0,0,0,0,0,0
1902,0,0,0,0,0,0,0
1903,0,0,0,0,0,0,0
1904,0,0,0,0,0,0,0
1905,0,0,0,0,0,0,0
1906,0,0,0,0,0,0,0
1907,0,0,0,0,0,0,0
1908,0,0,0,0,0,0,0
1909,0,0,0,0,0,0,0
1910,0,0,0,0,0,0,0
1911,3,0,1,5,0,5,5
1912,3,4,4,0,0,5,5
1913,3,4,3,5,0,5,5
1914,4,0,1,5,0,5,5
1915,2,5,4,0,0,5,5
1916,3,5,0,0,0,5,5
1917,2,0,3,0,0,5,5
1918,0,0,0,0,0,0,0
1919,3,4,3,0,0,5,5
1920,2,5,3,0,0,5,5
1921,0,0,0,0,0,0,0
1922,0,0,0,0,0,0,0
1923,0,0,0,0,0,0,0
1924,3,4,2,5,0,5,5
1925,3,4,2,0,0,5,5
1926,2,0,2,0,0,5,5
1927,2,4,3,0,5,5,5
1928,3,4,4,5,0,5,5
1929,3,4,2,5,0,5,5
1930,0,0,0,0,0,0,0
1931,0,0,0,0,0,0,0
1932,0,0,0,0,0,0,0
1933,0,0,0,0,0,0,0
1934,0,0,0,0,0,0,0
1935,0,0,0,0,0,0,0
1936,3,5,4,5,0,5,5
1937,3,4,4,5,0,5,5
1938,3,4,3,5,0,5,5
1939,3,3,2,3,5,5,5
1940,3,4,1,0,0,5,5
1941,2,5,4,0,0,5,5
1942,3,4,1,0,5,5,0
1943,0,0,0,0,0,0,0
1944,0,0,0,0,0,0,0
1945,0,0,0,0,0,0,0
1946,0,0,0,0,0,0,0
1947,0,0,0,0,0,0,0
1948,0,0,0,0,0,0,0
1949,0,0,0,0,0,0,0
1950,0,0,0,0,0,0,0
1951,0,0,0,0,0,0,0
1952,0,0,0,0,0,0,0
1953,0,0,0,0,0,0,0
1954,0,0,0,0,0,0,0
1955,0,0,0,0,0,0,0
1956,0,0,0,0,0,0,0
1957,2,4,2,5,0,5,5
1958,0,0,0,0,0,0,0
1959,0,0,0,0,0,0,0
1960,3,4,3,5,5,5,5
1961,0,0,0,0,0,0,0
1962,3,4,3,5,5,5,5
1963,2,4,4,5,0,5,5
1964,2,4,2,5,5,5,5
1965,2,5,4,0,0,5,5
1966,3,4,3,5,5,5,5
1967,0,0,0,0,0,0,0
1968,0,0,0,0,0,0,0
1969,0,0,0,0,0,0,0
1970,0,0,0,0,0,0,0
1971,2,5,3,0,0,5,5
1972,3,4,3,0,0,5,5
1973,5,4,3,0,0,5,5
1974,3,4,3,0,0,5,5
1975,3,5,4,0,0,5,5
1976,3,5,3,5,0,5,5
1977,3,4,4,5,0,5,5
1978,4,4,4,0,0,5,5
1979,0,0,0,0,0,0,0
1980,0,0,0,0,0,0,0
1981,2,5,4,0,0,5,5
1982,0,0,0,0,0,0,0
1983,0,0,0,0,0,0,0
1984,3,4,3,0,0,5,5
1985,2,4,1,5,0,5,5
1986,2,4,3,5,5,5,5
1987,2,4,3,5,0,5,5
1988,3,4,1,5,0,5,5
1989,2,4,2,5,5,5,5
1990,3,4,2,5,0,5,5
1991,0,0,0,0,0,0,0
1992,0,0,0,0,0,0,0
1993,0,0,0,0,0,0,0
1994,0,0,0,0,0,0,0
1995,0,0,0,0,0,0,0
1996,3,4,4,5,0,5,5
1997,2,5,4,3,0,5,5
1998,3,5,4,0,5,5,5
1999,2,4,3,5,5,5,5
2000,2,4,2,5,5,5,5
2001,3,4,3,3,5,5,5
2002,2,4,3,5,0,5,5
2003,0,0,0,0,0,0,0
2004,0,0,0,0,0,0,0
2005,0,0,0,0,0,0,0
2006,0,0,0,0,0,0,0
2007,0,0,0,0,0,0,0
2008,3,5,4,0,0,5,5
2009,3,5,4,0,0,5,5
2010,2,4,3,5,0,5,5
2011,2,1,2,5,0,5,5
2012,3,5,4,0,0,5,5
2013,2,4,3,0,0,5,5
2014,2,5,3,0,0,5,5
2015,0,0,0,0,0,0,0
2016,0,0,0,0,0,0,0
2017,0,0,0,0,0,0,0
2018,0,0,0,0,0,0,0
2019,0,0,0,0,0,0,0
2020,2,5,4,0,0,5,5
2021,0,0,0,0,0,0,0
2022,2,4,2,5,0,5,5
2023,2,5,4,0,0,5,5
2024,3,4,4,5,0,5,5
2025,2,4,4,5,0,5,5
2026,2,4,3,0,5,5,5
2027,0,0,0,0,0,0,0
2028,0,0,0,0,0,0,0
2029,0,0,0,0,0,0,0
2030,0,5,4,5,0,0,5
2031,0,0,0,0,0,0,0
2032,2,5,4,0,0,5,5
2033,3,4,4,0,0,5,5
2034,3,4,4,5,0,5,5
2035,5,4,4,0,0,5,5
2036,3,4,4,0,5,5,5
2037,3,5,4,0,0,5,5
2038,3,4,2,5,0,5,5
2039,0,0,0,0,0,0,0
2040,0,0,0,0,0,0,0
2041,0,0,0,0,0,0,0
2042,0,0,0,0,0,0,0
2043,0,0,0,0,0,0,0
2044,0,0,0,0,0,0,0
2045,2,4,3,3,0,5,5
2046,3,4,4,5,0,5,5
2047,3,4,3,5,5,5,5
2048,0,0,0,0,0,0,0
2049,2,5,4,0,0,5,5
2050,0,0,0,0,0,0,5
2051,0,0,0,0,0,0,0
2052,0,0,0,0,0,0,0
2053,0,0,0,0,0,0,0
2054,0,0,0,0,0,0,0
2055,0,0,0,0,0,0,0
2056,3,5,4,0,0,5,5
2057,0,0,0,0,0,0,0
2058,4,5,4,5,0,5,5
2059,3,4,4,5,0,5,5
2060,2,0,1,5,0,5,5
2061,3,3,4,5,5,5,5
2062,0,0,0,0,0,0,0
2063,0,0,0,0,0,0,0
2064,0,0,0,0,0,0,0
2065,0,0,0,0,0,0,0
2066,0,0,0,0,0,0,0
2067,0,0,0,0,0,0,0
2068,3,4,4,5,0,5,5
2069,2,0,4,0,0,5,5
2070,2,4,2,5,0,5,5
2071,3,3,2,0,5,5,5
2072,2,4,4,0,0,5,5
2073,0,0,0,0,0,0,0
2074,2,4,2,3,5,5,5
2075,0,0,0,0,0,0,0
2076,0,0,0,0,0,0,0
2077,0,0,0,0,0,0,0
2078,0,0,0,0,0,0,0
2079,0,0,0,0,0,0,0
2080,0,0,0,0,0,0,0
2081,0,0,0,0,0,0,0
2082,0,0,0,0,0,0,0
2083,0,0,0,0,0,0,0
2084,0,0,0,0,0,0,0
2085,0,0,0,0,0,0,0
2086,0,0,0,0,0,0,0
2087,0,0,0,0,0,0,0
2088,0,0,0,0,0,0,0
2089,0,0,0,0,0,0,0
2090,0,0,0,0,0,0,0
2091,3,4,4,0,0,5,5
2092,2,3,4,0,0,5,5
2093,3,1,4,5,0,5,5
2094,3,4,2,0,5,5,5
2095,2,4,1,5,5,5,5
2096,2,1,3,0,0,5,5
2097,0,0,0,0,0,0,0
2098,0,0,0,0,0,0,0
2099,0,0,0,0,0,0,0
2100,0,0,0,0,0,0,0
2101,0,0,0,0,0,0,0
2102,4,4,3,0,0,5,5
2103,3,0,2,5,0,5,5
2104,3,4,2,0,0,5,5
2105,3,4,2,5,0,5,5
2106,3,3,2,0,0,5,5
2107,2,4,3,5,0,5,5
2108,4,3,3,5,0,5,0
2109,2,4,3,5,0,5,5
2110,0,0,0,0,0,0,0
2111,0,0,0,0,0,0,0
2112,0,0,0,0,0,0,0
2113,0,0,0,0,0,0,0
2114,2,4,1,5,0,5,5
2115,2,0,3,5,0,5,5
2116,2,5,4,0,5,5,5
2117,3,5,4,0,5,5,5
2118,3,3,2,5,0,5,5
2119,3,5,4,0,5,5,5
2120,2,4,3,5,0,5,5
2121,0,0,0,0,0,0,0
2122,0,0,0,0,0,0,0
2123,0,0,0,0,0,0,0
2124,0,0,0,0,0,0,0
2125,0,0,0,0,0,0,0
2126,0,0,0,0,0,0,0
2127,0,0,0,0,0,0,0
2128,0,0,0,0,0,0,0
2129,0,0,0,0,0,0,0
2130,2,4,3,5,0,5,5
2131,3,4,3,5,0,5,5
2132,3,4,3,5,0,5,5
2133,0,0,0,0,0,0,0
2134,0,0,0,0,0,0,0
2135,0,0,0,0,0,0,0
2136,0,0,0,0,0,0,0
2137,0,0,0,0,0,0,0
2138,0,0,0,0,0,0,0
2139,0,0,0,0,0,0,0
2140,0,0,0,0,0,0,0
2141,0,0,0,0,0,0,0
2142,0,0,0,0,0,0,0
2143,0,0,0,0,0,0,0
2144,0,0,0,0,0,0,0
2145,0,0,0,0,0,0,0
2146,0,0,0,0,0,0,0
2147,0,0,0,0,0,0,0
2148,0,0,0,0,0,0,0
2149,0,0,0,0,0,0,0
2150,0,0,0,0,0,0,0
2151,0,0,0,0,0,0,0
2152,0,0,0,0,0,0,0
2153,0,0,0,0,0,0,0
2154,0,0,0,0,0,0,0
2155,0,0,0,0,0,0,0
2156,0,0,0,0,0,0,0
2157,0,0,0,0,0,0,0
2158,0,0,0,0,0,0,0
2159,0,0,0,0,0,0,0
2160,0,0,0,0,0,0,0
2161,0,0,0,0,0,0,0
2162,3,4,1,3,5,5,5
2163,2,4,3,0,0,5,5
2164,2,3,1,3,0,5,5
2165,2,0,2,0,0,5,5
2166,5,4,2,3,0,5,5
2167,2,3,2,3,0,5,5
2168,0,0,0,0,0,0,0
2169,0,0,0,0,0,0,0
2170,0,0,0,0,0,0,0
2171,3,4,3,3,5,5,5
2172,0,0,0,0,0,0,0
2173,0,0,0,0,0,0,0
2174,3,3,2,5,0,5,5
2175,3,4,2,5,0,5,5
2176,2,4,4,0,0,5,5
2177,3,4,4,0,0,5,5
2178,3,4,1,5,5,5,5
2179,2,5,4,0,0,5,5
2180,2,3,2,3,0,5,5
2181,0,0,0,0,0,0,0
2182,0,0,0,0,0,0,0
2183,0,0,0,0,0,0,0
2184,0,0,0,0,0,0,0
2185,0,0,0,0,0,0,0
2186,3,4,2,5,5,5,5
2187,0,0,2,0,0,0,5
2188,3,3,4,5,0,5,5
2189,4,3,3,5,5,5,5
2190,4,0,3,0,5,5,5
2191,0,4,3,0,0,0,5
2192,3,4,4,0,0,5,5
2193,0,0,0,0,0,0,0
2194,0,0,0,0,0,0,0
2195,0,0,0,0,0,0,0
2196,0,0,0,0,0,0,0
2197,0,0,0,0,0,0,0
2198,0,0,0,0,0,0,0
2199,0,0,0,0,0,0,0
2200,0,0,0,0,0,0,0
2201,0,0,0,0,0,0,0
2202,0,0,0,0,0,0,0
2203,0,0,0,0,0,0,0
2204,0,0,0,0,0,0,0
2205,0,0,0,0,0,0,0
2206,0,0,0,0,0,0,0
2207,0,0,0,0,0,0,0
2208,0,0,0,0,0,0,0
2209,0,0,0,0,0,0,0
2210,3,4,3,0,0,5,5
2211,2,1,4,0,0,5,5
2212,2,5,3,0,0,5,5
2213,3,3,3,3,5,5,5
2214,0,0,0,0,0,0,0
2215,2,1,2,5,0,5,5
2216,2,0,2,5,0,5,5
2217,3,4,4,5,0,5,5
2218,3,5,3,0,5,5,5
2219,3,4,2,3,0,5,5
2220,4,4,1,0,0,5,5
2221,0,0,0,0,0,0,0
2222,3,1,4,5,0,5,5
2223,3,4,3,0,5,5,5
2224,3,0,2,5,0,5,5
2225,3,4,2,5,0,5,5
2226,3,3,2,5,5,5,5
2227,3,3,2,5,0,5,5
2228,3,3,1,5,0,5,5
2229,5,0,0,5,0,5,5
2230,4,4,3,5,5,5,5
2231,4,4,2,5,0,5,5
2232,3,3,3,5,5,5,5
2233,5,4,4,0,5,5,5
2234,3,5,4,0,0,5,5
2235,3,4,2,3,5,5,5
2236,0,0,0,0,0,0,0
2237,0,0,0,0,0,0,0
2238,3,0,3,0,0,5,5
2239,4,4,3,3,5,5,5
2240,2,4,3,3,0,5,5
2241,3,5,3,5,5,5,5
2242,3,0,3,0,0,5,5
2243,3,0,0,0,0,5,5
2244,0,0,0,0,0,0,0
2245,0,0,0,0,0,0,0
2246,2,5,3,5,0,5,5
2247,0,0,0,0,0,0,0
2248,0,3,2,3,5,0,5
2249,0,3,3,0,0,0,5
2250,3,3,3,5,0,5,5
2251,0,4,3,0,0,5,5
2252,3,1,2,5,5,5,5
2253,0,0,0,0,0,0,0
2254,0,0,0,0,0,0,0
2255,0,0,0,0,0,0,0
2256,0,0,0,0,0,0,0
2257,0,0,0,0,0,0,0
2258,2,4,2,3,0,5,5
2259,2,3,1,3,0,5,5
2260,2,3,1,3,0,5,5
2261,2,3,1,3,5,5,5
2262,5,0,3,0,0,5,5
2263,2,3,1,0,0,5,5
2264,0,0,0,0,0,0,0
2265,0,0,0,0,0,0,0
2266,0,0,0,0,0,0,0
2267,0,0,0,0,0,0,0
2268,0,0,0,0,0,0,0
2269,0,0,0,0,0,0,0
2270,0,0,0,0,0,0,0
2271,0,0,0,0,0,0,0
2272,0,0,0,0,0,0,0
2273,0,0,0,0,0,0,0
2274,0,0,0,0,0,0,0
2275,0,0,0,0,0,0,0
2276,0,0,0,0,0,0,0
2277,0,0,0,0,0,0,0
2278,0,0,0,0,0,0,0
2279,0,0,0,0,0,0,0
2280,0,0,0,0,0,0,0
2281,0,0,0,0,0,0,5
2282,0,0,0,0,0,0,5
2283,2,0,0,0,0,5,5
2284,0,3,2,5,5,0,5
2285,0,0,0,0,0,0,0
2286,3,4,4,0,0,5,5
2287,0,0,4,0,0,0,5
2288,0,0,0,0,0,0,0
2289,2,0,2,5,0,5,5
2290,4,5,4,0,0,5,5
2291,3,0,3,0,0,5,5
2292,3,4,3,0,0,5,5
2293,2,5,3,0,0,5,5
2294,5,5,3,0,0,5,5
2295,4,4,3,0,5,5,5
2296,3,4,3,0,0,5,5
2297,4,5,4,0,0,5,5
2298,3,4,4,0,0,5,5
2299,4,5,3,0,0,5,5
2300,3,4,4,0,0,5,5
2301,0,0,0,0,0,0,0
2302,0,0,0,0,0,0,0
2303,0,0,0,0,0,0,0
2304,0,0,0,0,0,0,0
2305,0,0,0,0,0,0,0
2306,0,0,0,0,0,0,0
2307,0,0,0,0,0,0,0
2308,0,0,0,0,0,0,0
2309,0,0,0,0,0,0,0
2310,0,0,0,0,0,0,0
2311,0,0,0,0,0,0,0
2312,0,0,0,0,0,0,0
2313,0,0,0,0,0,0,0
2314,0,0,0,0,0,0,0
2315,0,0,0,0,0,0,0
2316,0,0,0,0,0,0,0
2317,0,0,0,0,0,0,0
2318,0,0,0,0,0,0,0
2319,0,0,0,0,0,0,0
2320,0,0,0,0,0,0,0
2321,0,0,0,0,0,0,0
2322,0,0,0,0,0,0,0
2323,0,0,0,0,0,0,0
2324,0,0,0,0,0,0,0
2325,0,0,0,0,0,0,0
2326,0,0,0,0,0,0,0
2327,0,0,0,0,0,0,0
2328,0,0,0,0,0,0,0
2329,0,0,0,0,0,0,0
2330,0,0,0,0,0,0,0
2331,0,0,0,0,0,0,0
2332,0,0,0,0,0,0,0
2333,0,0,0,0,0,0,0
2334,0,0,0,0,0,0,0
2335,0,0,0,0,0,0,0
2336,0,0,0,0,0,0,0
2337,0,0,0,0,0,0,0
2338,0,0,0,0,0,0,0
2339,0,0,0,0,0,0,0
2340,0,0,0,0,0,0,0
2341,0,0,0,0,0,0,0
2342,0,0,0,0,0,0,0
2343,0,0,0,0,0,0,0
2344,0,0,0,0,0,0,0
2345,0,0,0,0,0,0,0
2346,0,0,0,0,0,0,0
2347,0,0,0,0,0,0,0
2348,3,4,4,0,0,5,5
2349,3,1,2,5,0,5,5
2350,0,0,0,0,0,0,0
2351,2,4,3,3,0,5,5
2352,3,5,3,0,5,5,5
2353,3,4,2,0,0,5,5
2354,0,0,0,0,0,0,0
2355,0,0,0,0,0,0,0
2356,0,0,0,0,0,0,0
2357,0,0,0,0,0,5,5
2358,0,0,0,5,0,5,5
2359,0,0,0,0,0,0,0
2360,0,0,0,0,0,0,0
2361,0,0,0,0,0,0,0
2362,0,0,0,0,0,0,0
2363,0,0,0,0,0,0,0
2364,0,0,0,0,0,0,0
2365,0,0,0,0,0,0,0
2366,0,0,0,0,0,0,0
2367,0,0,0,0,0,0,0
2368,0,0,0,0,0,0,0
2369,2,0,0,0,0,0,0
2370,0,0,0,0,0,0,0
2371,2,0,0,0,0,0,0
2372,0,0,0,0,0,0,0
2373,0,0,0,0,0,0,0
2374,0,0,0,0,0,0,0
2375,0,0,0,0,0,0,0
2376,0,0,0,0,0,0,0
2377,0,0,0,0,0,0,0
2378,0,0,0,0,0,0,0
2379,0,0,0,0,0,0,0
2380,0,0,0,0,0,0,0
2381,0,0,0,0,0,0,0
2382,0,0,0,0,0,0,0
2383,0,0,0,0,0,0,0
2384,2,5,4,0,0,5,5
2385,0,0,0,0,0,0,0
2386,0,0,0,0,0,0,0
2387,0,0,0,0,0,0,0
2388,0,0,0,0,0,0,0
2389,2,5,4,0,0,5,5
2390,3,4,4,0,0,5,5
2391,2,5,4,0,0,5,5
2392,2,5,4,0,0,5,5
2393,2,5,4,0,0,5,5
2394,2,5,4,0,0,5,5
2395,2,5,4,0,0,5,5
2396,2,5,4,0,0,5,5
2397,0,0,0,0,0,0,0
2398,3,4,4,0,0,5,5
2399,0,0,0,0,0,0,0
2400,0,0,0,0,0,0,0
2401,0,0,0,0,0,0,0
2402,4,3,2,3,0,5,5
2403,3,4,4,0,0,5,5
2404,3,0,4,0,0,5,5
2405,0,0,0,0,0,0,0
2406,0,0,1,0,0,5,5
2407,0,0,0,0,0,0,0
2408,0,0,0,0,0,0,0
2409,0,0,0,0,0,0,0
2410,0,0,0,0,0,0,0
2411,2,4,4,0,0,5,5
2412,0,0,0,0,0,0,0
2413,3,4,4,0,0,5,5
2414,3,5,4,5,0,5,5
2415,3,4,2,5,0,5,5
2416,3,4,4,0,0,5,5
2417,3,3,2,5,0,5,5
2418,3,4,3,3,0,5,5
2419,3,4,4,0,0,5,5
2420,0,0,0,0,0,0,0
2421,0,0,0,0,0,0,0
2422,0,0,0,0,0,0,0
2423,0,0,0,0,0,0,0
2424,0,0,0,0,0,0,0
2425,3,5,4,0,0,5,5
2426,3,5,3,0,5,5,5
2427,3,5,4,0,5,5,5
2428,3,4,3,0,0,5,5
2429,3,4,4,0,0,5,5
2430,4,0,2,5,0,5,5
2431,0,0,0,0,0,0,0
2432,0,0,0,0,0,0,0
2433,0,0,0,0,0,0,0
2434,0,0,0,0,0,0,0
2435,0,0,0,0,0,0,0
2436,0,0,0,0,0,0,0
2437,0,0,0,0,0,0,0
2438,3,5,3,0,0,5,5
2439,0,0,0,0,0,0,0
2440,0,0,0,0,0,0,0
2441,3,4,2,0,0,5,5
2442,0,0,0,0,0,0,0
2443,0,0,0,0,0,0,0
2444,0,0,0,0,0,0,0
2445,0,0,0,0,0,0,0
2446,0,0,0,0,0,0,0
2447,0,0,0,0,0,0,0
2448,0,0,0,0,0,0,0
2449,2,4,3,5,0,5,5
2450,3,4,3,0,0,5,5
2451,0,0,0,0,0,0,0
2452,2,4,4,5,0,5,5
2453,3,3,1,5,0,5,5
2454,4,5,4,0,0,5,5
2455,3,5,4,0,5,5,5
2456,0,0,0,0,0,0,0
2457,0,0,0,0,0,0,0
2458,0,0,0,0,0,0,0
2459,0,0,0,0,0,0,0
2460,0,0,0,0,0,0,0
2461,3,4,1,3,5,5,5
2462,2,4,2,0,0,5,5
2463,0,0,0,0,0,0,0
2464,0,0,0,0,0,0,0
2465,0,0,0,0,0,0,0
2466,2,4,3,0,0,5,5
2467,2,5,4,0,0,5,5
2468,0,0,0,0,0,0,0
2469,3,4,2,3,5,5,5
2470,3,5,4,0,0,5,5
2471,0,0,0,0,0,0,0
2472,0,0,0,0,0,0,0
2473,4,4,4,0,5,5,5
2474,3,5,4,0,0,5,5
2475,2,4,3,3,0,5,5
2476,3,4,3,5,0,5,5
2477,3,3,2,5,5,5,5
2478,3,5,3,0,0,5,5
2479,3,5,4,0,0,5,5
2480,0,0,0,0,0,0,0
2481,0,0,0,0,0,0,0
2482,0,0,0,0,0,0,0
2483,0,0,0,0,0,0,0
2484,0,0,0,0,0,0,0
2485,2,5,4,0,0,5,5
2486,2,4,2,5,0,5,5
2487,2,5,4,0,0,5,5
2488,2,5,4,0,0,5,5
2489,3,4,4,0,0,5,5
2490,3,0,4,0,5,5,5
2491,3,3,3,5,0,5,5
2492,0,0,0,0,0,0,0
2493,0,0,0,0,0,0,0
2494,0,0,0,0,0,0,0
2495,0,0,0,0,0,0,0
2496,0,0,0,0,0,0,0
2497,0,0,0,0,0,0,0
2498,0,0,0,0,0,0,0
2499,0,0,0,0,0,0,0
2500,0,0,0,0,0,0,0
2501,0,0,0,0,0,0,0
2502,0,0,0,0,0,0,0
2503,0,0,0,0,0,0,0
2504,0,0,0,0,0,0,0
2505,0,0,0,0,0,0,0
2506,0,0,0,0,0,0,0
2507,0,0,0,0,0,0,0
2508,0,0,0,0,0,0,0
2509,0,0,0,0,0,0,0
2510,0,0,0,0,0,0,0
2511,0,0,0,0,0,0,0
2512,0,0,0,0,0,0,0
2513,0,0,0,0,0,0,0
2514,0,0,0,0,0,0,0
2515,0,0,0,0,0,0,0
2516,2,5,4,0,0,5,5
2517,0,0,0,0,0,0,0
2518,0,0,0,0,0,0,0
2519,0,0,0,0,0,0,0
2520,0,0,0,0,0,0,0
2521,2,4,4,0,0,5,5
2522,0,4,4,0,0,5,5
2523,3,3,4,0,0,5,5
2524,2,1,2,0,0,5,5
2525,3,3,4,0,0,5,5
2526,2,4,4,0,0,5,5
2527,2,3,4,0,0,5,5
2528,0,0,0,0,0,0,0
2529,0,0,0,0,0,0,0
2530,0,0,0,0,0,0,0
2531,0,0,0,0,0,0,0
2532,0,0,0,0,0,0,0
2533,0,0,0,0,0,0,0
2534,0,0,0,0,0,0,0
2535,0,0,0,0,0,0,0
2536,0,0,0,0,0,0,0
2537,0,0,0,0,0,0,0
2538,0,0,0,0,0,0,0
2539,0,0,0,0,0,0,0
2540,0,0,0,0,0,0,0
2541,0,0,0,0,0,0,0
2542,0,0,0,0,0,0,0
2543,0,0,0,0,0,0,0
2544,0,0,0,0,0,0,0
2545,0,0,0,0,0,0,0
2546,0,0,0,0,0,0,0
2547,0,0,0,0,0,0,0
2548,0,0,0,0,0,0,0
2549,0,0,0,0,0,0,0
2550,0,0,0,0,0,0,0
2551,0,0,0,0,0,0,0
2552,0,0,0,0,0,0,0
2553,0,0,0,0,0,0,0
2554,0,0,0,0,0,0,0
2555,0,0,0,0,0,0,0
2556,0,0,0,0,0,0,0
2557,0,0,0,0,0,0,0
2558,0,0,0,0,0,0,0
2559,0,0,0,0,0,0,0
2560,0,0,0,0,0,0,0
2561,0,0,0,0,0,0,0
2562,0,0,0,0,0,0,0
2563,3,0,2,5,0,5,5
2564,0,0,0,0,0,0,0
2565,0,0,0,0,0,0,0
2566,0,0,0,0,0,0,0
2567,0,0,0,0,0,0,0
2568,0,0,0,0,0,0,0
2569,0,0,0,0,0,0,0
2570,0,0,0,0,0,0,0
2571,3,0,2,0,0,5,5
2572,0,0,0,0,0,0,0
2573,2,3,2,5,5,5,5
2574,2,4,4,0,5,5,5
2575,2,0,0,0,0,5,5
2576,0,0,0,0,0,0,0
2577,0,0,0,0,0,0,0
2578,0,0,0,0,0,0,0
2579,0,0,0,0,0,0,0
2580,0,0,0,0,0,0,0
2581,0,0,0,0,0,0,0
2582,0,0,0,0,0,0,0
2583,0,0,0,0,0,0,0
2584,0,0,0,0,0,0,0
2585,0,0,0,0,0,0,0
2586,0,0,0,0,0,0,0
2587,0,0,0,0,0,0,0
2588,2,4,3,0,0,5,5
2589,0,0,0,0,0,0,0
2590,0,0,0,0,0,0,0
2591,0,0,0,0,0,0,0
2592,0,0,0,0,0,0,0
2593,2,3,3,5,5,5,5
2594,2,5,4,0,0,5,5
2595,2,5,4,0,0,5,5
2596,4,4,2,0,0,5,5
2597,3,3,1,0,0,5,5
2598,2,4,3,0,5,5,5
2599,0,0,0,0,0,5,5
2600,2,4,2,5,5,5,5
2601,2,4,3,0,0,5,5
2602,2,0,4,0,0,5,5
2603,0,0,0,0,0,0,0
2604,0,0,0,0,0,0,0
2605,0,0,0,0,0,0,0
2606,0,0,0,0,0,0,0
2607,2,3,4,0,0,5,5
2608,3,5,4,0,0,5,5
2609,0,0,0,0,0,0,0
2610,2,3,4,0,0,5,5
2611,0,0,0,0,0,0,0
2612,3,1,1,5,5,5,5
2613,0,0,0,0,0,0,0
2614,2,5,4,0,0,5,5
2615,3,3,2,5,5,5,5
2616,2,5,2,5,0,5,5
2617,0,0,0,0,0,0,0
2618,2,0,0,0,0,5,5
2619,2,4,3,0,5,5,5
2620,0,0,0,0,0,0,0
2621,0,0,0,0,0,0,0
2622,2,0,3,5,0,5,5
2623,2,4,4,0,5,5,5
2624,0,0,0,0,0,0,0
2625,0,0,0,0,0,0,0
2626,3,1,2,5,0,5,5
2627,0,0,0,0,0,0,0
2628,0,0,0,0,0,0,0
2629,4,4,3,0,0,5,5
2630,3,4,3,0,5,5,5
2631,0,0,0,0,0,0,0
2632,0,0,0,0,0,0,0
2633,0,0,0,0,0,0,0
2634,0,0,0,0,0,0,0
2635,0,0,0,0,0,0,0
2636,0,0,0,0,0,0,0
2637,0,0,0,0,0,0,0
2638,0,0,0,0,0,0,0
2639,0,0,0,0,0,0,0
2640,0,0,0,0,0,0,0
2641,0,0,0,0,0,0,0
2642,0,0,0,0,0,0,0
2643,0,0,0,0,0,0,0
2644,0,0,0,0,0,0,0
2645,3,1,3,5,0,5,5
2646,5,3,3,5,5,5,5
2647,0,0,0,0,0,0,0
2648,0,0,0,0,0,0,0
2649,0,0,0,0,0,0,0
2650,0,0,0,0,0,0,0
2651,0,0,0,0,0,0,0
2652,2,0,2,5,5,5,5
2653,0,0,0,0,0,0,0
2654,0,0,0,0,0,0,0
2655,0,0,0,0,0,0,0
2656,3,0,2,5,5,5,5
2657,0,0,0,0,0,0,0
2658,0,0,0,0,0,0,0
2659,3,3,1,5,5,5,5
2660,2,3,4,0,5,5,5
2661,0,0,0,0,0,0,0
2662,2,3,4,5,5,5,5
2663,3,4,4,0,0,5,5
2664,0,0,0,0,0,0,0
2665,0,0,0,0,0,0,0
2666,3,0,0,0,0,5,5
2667,0,0,3,0,5,5,5
2668,0,0,0,0,0,0,0
2669,2,4,4,0,0,5,5
2670,3,4,4,0,0,5,5
2671,3,1,2,5,5,5,5
2672,0,0,0,0,5,5,5
2673,0,0,0,0,0,0,0
2674,0,0,0,0,0,0,0
2675,0,0,0,0,0,0,0
2676,0,0,0,0,0,0,0
2677,0,0,0,0,0,0,0
2678,4,3,4,0,5,5,5
2679,3,3,2,5,0,5,5
2680,3,3,3,5,5,5,5
2681,0,0,0,0,0,0,0
2682,3,1,1,0,0,5,5
2683,2,5,4,0,0,5,5
2684,0,0,0,0,0,0,0
2685,0,0,0,0,0,0,0
2686,0,0,0,0,0,0,0
2687,0,0,0,0,0,0,0
2688,0,0,0,0,0,0,0
2689,0,0,0,0,0,0,0
2690,3,0,0,0,0,0,0
2691,0,0,0,0,0,0,0
2692,0,0,0,0,0,0,0
2693,0,0,0,0,0,0,0
2694,0,0,0,0,0,0,0
2695,0,0,0,0,0,0,0
2696,0,0,0,0,0,0,0
2697,0,0,0,0,0,0,0
2698,0,0,0,0,0,0,0
2699,0,0,0,0,0,0,0
2700,0,0,0,0,0,0,0
2701,0,0,0,0,0,0,0
2702,0,0,0,0,0,0,0
2703,0,0,0,0,0,0,0
2704,0,0,0,0,0,0,0
2705,0,0,0,0,0,0,0
2706,0,0,0,0,0,0,0
2707,3,0,0,0,0,5,5
2708,0,0,0,0,0,0,0
2709,0,0,0,0,0,0,0
2710,0,0,0,0,0,0,0
2711,0,0,0,0,0,0,0
2712,0,0,0,0,0,0,0
2713,0,0,0,0,0,0,0
2714,0,0,0,0,0,0,0
2715,0,0,0,0,0,0,0
2716,0,0,0,0,0,0,0
2717,0,0,0,0,0,0,0
2718,0,0,0,0,0,0,0
2719,0,0,0,0,0,0,0
2720,0,0,0,0,0,0,0
2721,0,0,0,0,0,0,0
2722,0,0,0,0,0,0,0
2723,0,0,0,0,0,0,0
2724,0,0,0,0,0,0,0
2725,0,0,0,0,0,0,0
2726,0,0,0,0,0,0,0
2727,0,0,0,0,0,0,0
2728,2,0,0,0,0,5,5
2729,2,1,1,0,0,5,5
2730,2,1,2,5,0,5,5
2731,0,0,0,0,0,0,0
2732,0,0,0,0,0,0,0
2733,0,0,0,0,0,0,0
2734,0,0,0,0,0,0,0
2735,0,0,0,0,0,0,0
2736,0,0,0,0,0,0,0
2737,3,3,4,5,0,5,5
2738,0,0,0,0,0,0,0
2739,0,0,0,0,0,0,0
2740,0,0,0,0,0,0,0
2741,0,0,0,0,0,0,0
2742,0,0,0,0,0,0,0
2743,0,0,0,0,0,0,0
2744,0,0,0,0,0,0,0
2745,0,0,0,0,0,0,0
2746,0,0,0,0,0,0,0
2747,0,0,0,0,0,0,0
2748,0,0,0,0,0,0,0
2749,0,0,0,0,0,0,0
2750,2,5,4,0,0,5,5
2751,3,5,4,0,5,5,5
2752,3,0,1,5,5,5,5
2753,5,3,2,3,5,5,5
2754,2,4,4,0,0,5,5
2755,3,1,1,3,0,5,5
2756,0,0,0,0,0,0,0
2757,0,0,0,0,0,0,0
2758,0,0,0,0,0,0,0
2759,0,0,0,0,0,0,0
2760,0,0,0,0,0,0,0
2761,0,0,0,0,0,0,0
2762,0,0,0,0,0,0,0
2763,0,0,0,0,0,0,0
2764,0,0,0,0,0,0,0
2765,0,0,0,0,0,0,0
2766,0,0,0,0,0,0,0
2767,0,0,0,0,0,0,0
2768,2,4,4,0,0,5,5
2769,0,5,4,0,5,5,5
2770,0,0,0,0,0,0,0
2771,0,0,0,0,0,0,0
2772,0,0,0,0,0,0,0
2773,2,3,4,0,0,5,5
2774,0,0,0,0,0,0,0
2775,2,3,1,5,5,5,5
2776,0,0,0,0,0,0,0
2777,2,4,4,0,0,5,5
2778,0,0,0,0,0,5,5
2779,2,4,4,0,0,5,5
2780,0,0,0,0,0,0,0
2781,0,0,0,0,0,0,0
2782,0,0,0,0,0,0,0
2783,0,0,0,0,0,0,0
2784,0,0,0,0,0,0,0
2785,0,0,0,0,0,0,0
2786,0,0,0,0,0,0,0
2787,0,0,0,0,0,0,0
2788,0,0,0,0,0,0,0
2789,0,0,0,0,0,0,0
2790,0,0,0,0,0,0,0
2791,0,0,0,0,0,0,0
2792,0,0,0,0,0,0,0
2793,0,0,0,0,0,0,0
2794,0,0,0,0,0,0,0
2795,0,0,0,0,0,0,0
2796,0,0,0,0,0,0,0
2797,0,0,0,0,0,0,0
2798,0,0,0,0,0,0,0
2799,0,0,0,0,0,0,0
2800,0,0,0,0,0,0,0
2801,0,0,0,0,0,0,0
2802,0,0,0,0,0,0,0
2803,0,0,0,0,0,0,0
2804,0,0,0,0,0,0,0
2805,2,0,4,0,0,5,5
2806,0,0,0,0,0,0,0
2807,0,0,0,0,0,0,0
2808,0,0,0,0,0,0,0
2809,5,3,3,0,0,5,5
2810,3,5,4,0,0,5,5
2811,3,1,3,0,0,5,5
2812,0,0,0,0,0,0,0
2813,2,4,2,5,5,5,5
2814,2,4,4,0,0,5,5
2815,0,0,0,0,0,0,0
2816,0,0,0,0,0,0,0
2817,0,0,0,0,0,0,0
2818,0,0,0,0,0,0,0
2819,2,3,2,5,0,5,5
2820,0,0,0,0,0,0,0
2821,2,3,1,5,0,5,5
2822,2,0,0,0,0,5,5
2823,3,3,2,3,5,5,5
2824,2,0,0,0,0,5,5
2825,3,5,4,0,5,5,5
2826,3,4,3,0,0,5,5
2827,3,3,3,5,5,5,5
2828,0,0,0,0,0,0,0
2829,0,0,0,0,0,0,0
2830,0,0,0,0,0,0,0
2831,0,0,0,0,0,0,0
2832,0,0,0,0,0,0,0
2833,0,0,0,0,0,0,0
2834,0,0,0,0,0,0,0
2835,0,0,0,0,0,0,0
2836,0,0,0,0,0,0,0
2837,0,0,0,0,0,0,0
2838,0,0,0,0,0,0,0
2839,0,0,0,0,0,0,0
2840,0,0,0,0,0,0,0
2841,0,0,0,0,0,0,0
2842,0,0,0,0,0,0,0
2843,0,0,0,0,0,0,0
2844,0,0,0,0,0,0,0
2845,3,3,4,0,0,5,5
2846,2,1,2,5,0,5,5
2847,2,4,4,0,0,5,5
2848,0,0,0,0,0,0,0
2849,0,0,0,0,0,0,0
2850,3,5,4,0,0,5,5
2851,3,4,4,0,0,5,5
2852,0,0,0,0,0,0,0
2853,0,0,0,0,0,0,0
2854,0,0,0,0,0,0,0
2855,0,0,0,0,0,0,0
2856,0,0,0,0,0,0,0
2857,0,0,0,0,0,0,5
2858,3,4,4,0,0,5,5
2859,0,0,4,0,0,5,5
2860,0,0,0,0,0,0,5
2861,0,0,1,0,0,5,5
2862,0,0,0,0,0,0,5
2863,2,0,0,0,0,0,0
2864,0,0,0,0,0,0,0
2865,0,0,0,0,0,0,0
2866,0,0,0,0,0,0,0
2867,0,0,0,0,0,0,0
2868,2,4,4,0,0,5,5
2869,2,5,4,0,0,5,5
2870,2,4,1,5,0,5,5
2871,2,5,4,0,5,5,5
2872,2,5,4,0,0,5,5
2873,2,3,3,5,5,5,5
2874,2,4,2,5,5,5,5
2875,0,0,0,0,0,0,0
2876,3,3,2,5,0,5,5
2877,3,5,3,5,0,5,5
2878,0,0,0,0,0,0,0
2879,0,0,0,0,0,0,0
2880,5,5,4,0,0,5,5
2881,0,0,3,0,0,5,5
2882,3,4,3,0,5,5,5
2883,2,0,0,0,0,5,5
2884,3,4,4,0,0,5,5
2885,3,4,4,0,0,5,5
2886,0,0,0,0,0,0,0
2887,4,4,4,0,0,5,5
2888,0,0,0,0,0,0,0
2889,0,0,0,0,0,0,0
2890,0,0,0,0,0,0,0
2891,0,0,0,0,0,0,0
2892,0,0,0,0,0,0,0
2893,0,0,0,0,0,0,0
2894,0,0,0,0,0,0,0
2895,0,0,0,0,0,0,0
2896,0,0,0,0,0,0,0
2897,0,0,0,0,0,0,0
2898,0,0,0,0,0,0,0
2899,0,0,0,0,0,0,0
2900,0,0,0,0,0,0,0
2901,0,0,0,0,0,0,0
2902,0,0,0,0,0,0,0
2903,0,0,0,0,0,0,0
2904,0,0,0,0,0,0,0
2905,0,0,0,0,0,0,0
2906,0,0,0,0,0,0,0
2907,0,0,0,0,0,0,0
2908,0,0,0,0,0,0,0
2909,0,0,0,0,0,0,0
2910,0,0,0,0,0,0,0
2911,0,0,0,0,0,0,0
2912,0,0,0,0,0,0,0
2913,0,0,0,0,0,0,0
2914,0,0,0,0,0,0,0
2915,0,0,0,0,0,0,0
2916,3,4,4,0,5,5,5
2917,0,0,0,0,0,0,0
2918,0,0,0,0,0,0,0
2919,3,0,0,0,0,5,5
2920,0,0,0,0,0,0,0
2921,3,5,4,0,0,5,5
2922,0,0,0,0,0,0,0
2923,0,0,0,0,0,0,0
2924,0,0,0,0,0,0,0
2925,0,0,0,0,0,0,0
2926,0,0,0,0,0,0,0
2927,0,0,0,0,0,0,0
2928,0,0,0,0,0,0,0
2929,0,0,0,0,0,0,0
2930,0,0,0,0,0,0,0
2931,0,0,0,0,0,0,0
2932,0,0,0,0,0,0,0
2933,0,0,0,0,0,0,0
2934,0,0,0,0,0,0,0
2935,2,4,4,0,0,5,5
2936,0,0,0,0,0,0,0
2937,3,5,4,0,5,5,5
2938,0,0,0,0,0,0,0
2939,0,0,0,0,0,0,0
2940,3,4,4,0,0,5,5
2941,0,0,0,0,0,0,0
2942,0,0,0,0,0,0,0
2943,0,0,0,0,0,0,0
2944,3,5,4,0,0,5,5
2945,0,0,0,0,0,0,0
2946,0,0,0,0,0,0,0
2947,0,0,0,0,0,0,0
2948,0,0,0,0,0,0,0
2949,0,0,0,0,0,0,0
2950,3,4,4,0,0,5,5
2951,0,0,0,0,0,0,0
2952,2,4,4,0,5,5,5
2953,4,4,4,0,0,5,5
2954,2,3,3,0,0,5,5
2955,0,0,0,0,0,0,0
2956,0,0,0,0,0,0,0
2957,2,3,3,0,0,5,5
2958,3,4,4,0,5,5,5
2959,0,0,0,0,0,0,0
2960,0,0,0,0,0,0,0
2961,0,0,0,0,0,0,0
2962,3,5,4,0,5,5,5
2963,0,0,0,0,0,0,0
2964,2,0,4,5,0,5,5
2965,2,0,0,0,0,0,0
2966,2,5,3,0,0,5,5
2967,0,0,0,0,0,0,0
2968,2,4,4,0,5,5,5
2969,0,0,0,0,0,0,0
2970,0,0,0,0,0,0,0
2971,0,0,0,0,0,0,0
2972,0,0,0,0,0,0,0
2973,0,0,0,0,0,0,0
2974,0,0,0,0,0,0,0
2975,0,0,0,0,0,0,0
2976,0,0,0,0,0,0,0
2977,0,0,0,0,0,0,0
2978,0,0,0,0,0,0,0
2979,0,0,0,0,0,0,0
2980,0,0,0,0,0,0,0
2981,0,0,0,0,0,0,0
2982,0,0,0,0,0,0,0
2983,0,0,0,0,0,0,0
2984,0,1,1,5,0,0,5
2985,0,0,0,0,0,0,0
2986,0,0,0,0,0,0,0
2987,0,0,0,0,0,0,0
2988,2,4,4,0,0,5,5
2989,2,4,1,0,0,5,5
2990,2,4,4,0,0,5,5
2991,0,0,0,0,0,0,0
2992,3,4,3,0,0,5,5
2993,2,5,4,0,0,5,5
2994,2,0,1,5,0,5,5
2995,0,0,0,0,0,0,0
2996,3,4,4,0,0,5,5
2997,0,0,0,0,0,0,0
2998,0,0,0,0,0,0,0
2999,0,0,0,0,0,0,0
3000,3,4,3,5,0,5,5
3001,2,4,4,0,0,5,5
3002,2,4,3,0,0,5,5
3003,2,5,4,0,5,5,5
3004,2,4,3,0,0,5,5
3005,2,3,3,3,0,5,5
3006,0,0,0,0,0,0,0
3007,0,0,0,0,0,0,0
3008,0,0,0,0,0,0,0
3009,0,0,0,0,0,0,0
3010,0,0,0,0,0,0,0
3011,2,5,3,0,0,5,5
3012,2,4,4,0,0,5,5
3013,2,5,4,0,5,5,5
3014,2,4,4,0,0,5,5
3015,3,3,3,5,5,5,5
3016,3,3,2,5,5,5,5
3017,2,4,2,5,0,5,5
3018,2,4,4,0,0,5,5
3019,0,0,0,0,0,0,0
3020,0,0,0,0,0,0,0
3021,0,0,0,0,0,0,0
3022,0,0,0,0,0,0,0
3023,0,0,0,0,0,0,0
3024,3,4,1,5,5,5,5
3025,3,5,4,0,0,5,5
3026,0,0,0,0,0,0,0
3027,3,4,4,0,0,5,5
3028,3,4,4,0,5,5,5
3029,3,5,4,0,5,5,5
3030,3,4,1,5,0,5,5
3031,0,0,0,0,0,0,0
3032,0,0,0,0,0,0,0
3033,0,0,0,0,0,0,0
3034,0,0,0,0,0,0,0
3035,0,0,0,0,0,0,0
3036,0,0,0,0,0,0,0
3037,0,0,0,0,0,0,0
3038,0,0,0,0,0,0,0
3039,0,0,0,0,0,0,0
3040,0,0,0,0,0,0,0
3041,0,0,0,0,0,0,0
3042,5,0,0,0,0,0,0
3043,0,0,0,0,0,0,0
3044,0,0,0,0,0,0,0
3045,0,0,0,0,0,0,0
3046,0,0,0,0,0,0,0
3047,0,0,0,0,0,0,0
3048,0,0,0,0,0,0,0
3049,0,0,0,0,0,0,0
3050,0,0,0,0,0,0,0
3051,0,0,0,0,0,0,0
3052,0,0,0,0,0,0,0
3053,0,0,0,0,0,0,0
3054,0,0,0,0,0,0,0
3055,0,0,0,0,0,0,0
3056,0,0,0,0,0,0,0
3057,0,0,0,0,0,0,0
3058,0,0,0,0,0,0,0
3059,2,0,3,0,0,0,5
3060,0,4,4,0,0,5,5
3061,3,1,1,5,5,5,5
3062,3,5,2,5,5,5,5
3063,0,4,4,0,0,5,5
3064,0,4,4,0,0,5,5
3065,2,4,4,0,0,5,5
3066,3,4,4,0,5,5,5
3067,0,0,0,0,0,0,0
3068,0,0,0,0,0,0,0
3069,0,0,0,0,0,0,0
3070,0,0,0,0,0,0,0
3071,0,0,0,0,0,0,0
3072,0,0,0,0,0,0,0
3073,0,0,0,0,0,0,0
3074,0,0,0,0,0,0,0
3075,0,0,0,0,0,0,0
3076,0,0,0,0,0,0,0
3077,0,0,0,0,0,0,0
3078,0,0,0,0,0,0,0
3079,0,0,0,0,0,0,0
3080,0,0,0,0,0,0,0
3081,0,0,0,0,0,0,0
3082,0,0,0,0,0,0,0
3083,2,5,4,0,0,5,5
3084,3,4,3,5,0,5,5
3085,3,5,4,0,5,5,5
3086,0,0,0,0,0,0,0
3087,3,5,4,0,0,5,5
3088,0,0,0,0,0,0,0
3089,2,4,4,0,0,5,5
3090,2,4,4,0,0,5,5
3091,4,4,3,5,0,5,5
3092,2,4,4,0,0,5,5
3093,0,0,0,0,0,0,0
3094,0,0,0,0,0,0,0
3095,3,1,3,5,5,5,5
3096,3,0,2,5,0,5,5
3097,3,4,4,0,0,5,5
3098,3,4,4,0,0,5,5
3099,3,4,4,0,0,5,5
3100,4,5,4,0,0,5,5
3101,3,3,2,0,0,5,5
3102,0,0,0,0,0,0,0
3103,0,0,0,0,0,0,0
3104,0,0,0,0,0,0,0
3105,2,0,0,0,0,0,0
3106,0,0,0,0,0,0,0
3107,0,0,0,0,0,0,0
3108,2,5,4,0,0,5,5
3109,2,4,4,0,0,5,5
3110,2,4,2,5,0,5,5
3111,2,4,4,0,0,5,5
3112,2,1,4,5,0,5,5
3113,2,0,0,0,0,0,0
3114,3,5,4,0,0,5,5
3115,0,0,0,0,0,0,0
3116,0,0,0,0,0,0,0
3117,0,0,0,0,0,0,0
3118,0,0,0,0,0,0,0
3119,0,0,0,0,0,0,0
3120,3,4,4,0,5,5,5
3121,3,4,4,0,0,5,5
3122,0,0,0,0,0,0,0
3123,3,5,4,0,0,5,5
3124,3,4,3,0,5,5,5
3125,2,4,4,0,0,5,5
3126,3,5,4,0,5,5,5
3127,0,0,0,0,0,0,0
3128,0,0,0,0,0,0,0
3129,0,0,0,0,0,0,0
3130,0,0,0,0,0,0,0
3131,0,0,0,0,0,0,0
3132,2,4,4,0,5,5,5
3133,2,4,4,0,0,5,5
3134,2,5,4,0,0,5,5
3135,2,1,2,5,0,5,5
3136,2,3,2,3,5,5,5
3137,2,5,4,0,5,5,5
3138,2,4,4,0,5,5,5
3139,0,0,0,0,0,0,0
3140,0,0,0,0,0,0,0
3141,0,0,0,0,0,0,0
3142,0,0,0,0,0,0,0
3143,0,0,0,0,0,0,0
3144,0,0,0,0,0,0,0
3145,2,0,2,0,0,5,5
3146,2,5,4,0,5,5,5
3147,0,5,4,0,0,0,5
3148,0,0,0,0,0,0,0
3149,0,0,0,0,0,0,0
3150,0,0,0,0,0,0,0
3151,0,0,0,0,0,0,0
3152,0,0,0,0,0,0,0
3153,0,0,0,0,0,0,0
3154,0,0,0,0,0,0,0
3155,0,0,0,0,0,0,0
3156,0,0,0,0,0,0,0
3157,0,0,0,0,0,0,0
3158,3,4,1,0,0,5,5
3159,0,0,0,0,0,0,0
3160,0,0,0,0,0,0,0
3161,0,0,0,0,0,0,0
3162,0,0,0,0,0,0,0
3163,0,0,0,0,0,0,0
3164,0,0,0,0,0,0,0
3165,0,0,0,0,0,0,0
3166,0,0,0,0,0,0,0
3167,0,0,0,0,0,0,0
3168,0,0,0,0,0,0,0
3169,0,0,0,0,0,0,0
3170,0,0,0,0,0,0,0
3171,0,0,0,0,0,0,0
3172,0,0,0,0,0,0,0
3173,0,0,0,0,0,0,0
3174,0,0,0,0,0,0,0
3175,0,0,0,0,0,0,0
3176,0,0,0,0,0,0,0
3177,0,0,0,0,0,0,0
3178,0,0,0,0,0,0,0
3179,2,3,2,5,0,5,5
3180,5,5,4,0,5,5,5
3181,2,4,4,3,0,5,5
3182,3,4,4,0,0,5,5
3183,2,4,4,0,0,5,5
3184,2,5,3,0,0,5,5
3185,3,3,2,0,5,5,5
3186,3,4,3,0,0,5,5
3187,2,4,4,0,0,5,5
3188,2,5,4,0,0,5,5
3189,0,0,0,0,0,0,0
3190,0,0,0,0,0,0,0
3191,0,0,0,0,0,0,0
3192,0,0,0,0,0,0,0
3193,0,3,3,3,0,0,5
3194,2,5,4,0,0,5,5
3195,2,5,4,0,5,5,5
3196,2,4,4,0,0,5,5
3197,2,5,4,0,0,5,5
3198,2,0,2,5,0,0,5
3199,0,0,0,0,0,0,5
3200,2,5,4,0,0,5,5
3201,0,0,0,0,0,0,0
3202,0,0,0,0,0,0,0
3203,0,0,0,0,0,0,0
3204,0,0,0,0,0,0,0
3205,2,4,2,5,0,5,5
3206,3,4,4,0,0,5,5
3207,2,4,2,0,5,5,5
3208,2,4,4,0,0,5,5
3209,3,5,4,0,0,5,5
3210,3,3,2,5,0,5,5
3211,0,0,0,0,0,0,0
3212,0,0,0,0,0,0,0
3213,0,0,0,0,0,0,0
3214,0,0,0,0,0,0,0
3215,0,0,0,0,0,0,0
3216,0,0,0,0,0,0,0
3217,0,0,0,0,0,0,0
3218,0,0,0,0,0,0,0
3219,0,0,0,0,0,0,0
3220,0,0,0,0,0,0,0
3221,0,0,0,0,0,0,0
3222,0,0,0,0,0,0,0
3223,0,0,0,0,0,0,0
3224,0,0,0,0,0,0,0
3225,0,0,0,0,0,0,0
3226,0,0,0,0,0,0,0
3227,0,0,0,0,0,0,0
3228,0,0,0,0,0,0,0
3229,0,0,0,0,0,0,0
3230,0,0,0,0,0,0,0
3231,0,0,0,0,0,0,0
3232,2,4,4,0,0,5,5
3233,3,5,4,0,0,5,5
3234,0,0,0,0,0,0,0
3235,0,0,0,0,0,0,0
3236,0,0,0,0,0,0,0
3237,0,0,0,0,0,0,0
3238,0,0,0,0,0,0,0
3239,0,0,0,0,0,0,0
3240,0,0,0,0,0,0,0
3241,0,0,0,0,0,0,0
3242,0,0,0,0,0,0,0
3243,0,0,0,0,0,0,0
3244,0,0,0,0,0,0,0
3245,0,0,0,0,0,0,0
3246,0,0,0,0,0,0,0
3247,0,0,0,0,0,0,0
3248,0,0,0,0,0,0,0
3249,0,0,0,0,0,0,0
3250,0,0,0,0,0,0,0
3251,0,0,0,0,0,0,0
3252,0,0,0,0,0,0,0
3253,3,4,3,0,0,5,5
3254,0,0,0,0,0,0,0
3255,2,5,3,0,0,5,5
3256,3,4,2,5,0,5,5
3257,3,5,4,5,0,5,5
3258,0,0,0,0,0,0,0
3259,0,0,0,0,0,0,0
3260,0,0,0,0,0,0,0
3261,0,0,0,0,0,0,0
3262,0,0,0,0,0,0,0
3263,0,0,0,0,0,0,0
3264,0,4,4,0,0,5,5
3265,5,4,3,5,0,5,5
3266,3,4,1,5,0,5,5
3267,5,3,4,0,5,5,5
3268,0,0,0,0,5,5,5
3269,3,4,3,0,0,5,5
3270,0,0,0,0,0,0,0
3271,0,0,0,0,0,0,0
3272,3,3,1,5,0,5,5
3273,0,0,0,0,0,0,0
3274,0,0,0,0,0,0,0
3275,0,0,0,0,0,0,0
3276,3,4,2,5,5,5,5
3277,3,5,4,0,5,5,5
3278,2,4,2,0,0,5,5
3279,3,4,2,5,0,5,5
3280,3,5,4,0,5,5,5
3281,2,4,2,0,0,5,5
3282,2,5,4,0,0,5,5
3283,2,0,2,3,5,5,5
3284,0,0,0,0,0,0,0
3285,0,0,0,0,0,0,0
3286,0,0,0,0,0,0,0
3287,0,0,0,0,0,0,0
3288,0,0,0,0,0,0,0
3289,0,0,0,0,0,0,0
3290,0,0,0,0,0,0,0
3291,2,3,2,5,5,5,5
3292,3,4,1,5,0,5,5
3293,2,5,4,0,0,5,5
3294,0,0,0,0,0,0,0
